absolute_error,case,error,filter_seed,grid_points,horizon,method,observation_sha256,particles,repeat,replicate,status,step,theta_hat,theta_true,variant
0.05105876609747262,ou_linear_gaussian,0.05105876609747262,4053469460,19,250.0,score_root,606155833e02c8c610f9d15fddec6f3ec10453598ee3a6ac9c21aa7a00a74b48,,0,0,interpolated_root,25000,0.4210587660974726,0.37,primary
0.032838339891723745,ou_linear_gaussian,0.032838339891723745,4053469460,19,500.0,score_root,606155833e02c8c610f9d15fddec6f3ec10453598ee3a6ac9c21aa7a00a74b48,,0,0,interpolated_root,50000,0.40283833989172374,0.37,primary
0.012150794804867249,ou_linear_gaussian,0.012150794804867249,4053469460,19,1000.0,score_root,606155833e02c8c610f9d15fddec6f3ec10453598ee3a6ac9c21aa7a00a74b48,,0,0,interpolated_root,100000,0.38215079480486724,0.37,primary
0.09943898747253022,ou_linear_gaussian,0.09943898747253022,731046430,19,250.0,score_root,606155833e02c8c610f9d15fddec6f3ec10453598ee3a6ac9c21aa7a00a74b48,,1,0,interpolated_root,25000,0.4694389874725302,0.37,seed_repeat
0.0769562128985482,ou_linear_gaussian,0.0769562128985482,731046430,19,500.0,score_root,606155833e02c8c610f9d15fddec6f3ec10453598ee3a6ac9c21aa7a00a74b48,,1,0,interpolated_root,50000,0.4469562128985482,0.37,seed_repeat
0.028331685937593665,ou_linear_gaussian,0.028331685937593665,731046430,19,1000.0,score_root,606155833e02c8c610f9d15fddec6f3ec10453598ee3a6ac9c21aa7a00a74b48,,1,0,interpolated_root,100000,0.39833168593759366,0.37,seed_repeat
0.07294374915239188,ou_linear_gaussian,0.07294374915239188,,0,250.0,kalman,606155833e02c8c610f9d15fddec6f3ec10453598ee3a6ac9c21aa7a00a74b48,,0,0,interior,25000,0.4429437491523919,0.37,primary
0.023446275790381055,ou_linear_gaussian,0.023446275790381055,,0,500.0,kalman,606155833e02c8c610f9d15fddec6f3ec10453598ee3a6ac9c21aa7a00a74b48,,0,0,interior,50000,0.39344627579038105,0.37,primary
0.008650462017339544,ou_linear_gaussian,0.008650462017339544,,0,1000.0,kalman,606155833e02c8c610f9d15fddec6f3ec10453598ee3a6ac9c21aa7a00a74b48,,0,0,interior,100000,0.37865046201733954,0.37,primary
0.18410403679769638,ou_linear_gaussian,0.18410403679769638,4118919560,19,250.0,score_root,9ccc6cc3b676dedc759e023ae69ccf8a66983c3718b180349577e8c656ce8a86,,0,1,interpolated_root,25000,0.5541040367976964,0.37,primary
0.14780009087182533,ou_linear_gaussian,0.14780009087182533,4118919560,19,500.0,score_root,9ccc6cc3b676dedc759e023ae69ccf8a66983c3718b180349577e8c656ce8a86,,0,1,interpolated_root,50000,0.5178000908718253,0.37,primary
0.07943151691949901,ou_linear_gaussian,0.07943151691949901,4118919560,19,1000.0,score_root,9ccc6cc3b676dedc759e023ae69ccf8a66983c3718b180349577e8c656ce8a86,,0,1,interpolated_root,100000,0.449431516919499,0.37,primary
0.09880462721515015,ou_linear_gaussian,0.09880462721515015,3063561373,19,250.0,score_root,9ccc6cc3b676dedc759e023ae69ccf8a66983c3718b180349577e8c656ce8a86,,1,1,interpolated_root,25000,0.46880462721515015,0.37,seed_repeat
0.11908448679212458,ou_linear_gaussian,0.11908448679212458,3063561373,19,500.0,score_root,9ccc6cc3b676dedc759e023ae69ccf8a66983c3718b180349577e8c656ce8a86,,1,1,interpolated_root,50000,0.4890844867921246,0.37,seed_repeat
0.038251869602473176,ou_linear_gaussian,0.038251869602473176,3063561373,19,1000.0,score_root,9ccc6cc3b676dedc759e023ae69ccf8a66983c3718b180349577e8c656ce8a86,,1,1,interpolated_root,100000,0.40825186960247317,0.37,seed_repeat
0.06619045305327675,ou_linear_gaussian,0.06619045305327675,,0,250.0,kalman,9ccc6cc3b676dedc759e023ae69ccf8a66983c3718b180349577e8c656ce8a86,,0,1,interior,25000,0.43619045305327675,0.37,primary
0.06958411372879392,ou_linear_gaussian,0.06958411372879392,,0,500.0,kalman,9ccc6cc3b676dedc759e023ae69ccf8a66983c3718b180349577e8c656ce8a86,,0,1,interior,50000,0.4395841137287939,0.37,primary
0.03142469904683598,ou_linear_gaussian,0.03142469904683598,,0,1000.0,kalman,9ccc6cc3b676dedc759e023ae69ccf8a66983c3718b180349577e8c656ce8a86,,0,1,interior,100000,0.401424699046836,0.37,primary
0.05436733180587289,ou_linear_gaussian,0.05436733180587289,3992408152,19,250.0,score_root,68f53b9fc049e339f8fbda04dea0f71f5ec35ef1bea18db219c61c97d7b7eaee,,0,2,interpolated_root,25000,0.4243673318058729,0.37,primary
0.10274750481977701,ou_linear_gaussian,0.10274750481977701,3992408152,19,500.0,score_root,68f53b9fc049e339f8fbda04dea0f71f5ec35ef1bea18db219c61c97d7b7eaee,,0,2,interpolated_root,50000,0.472747504819777,0.37,primary
0.06613942374334486,ou_linear_gaussian,0.06613942374334486,3992408152,19,1000.0,score_root,68f53b9fc049e339f8fbda04dea0f71f5ec35ef1bea18db219c61c97d7b7eaee,,0,2,interpolated_root,100000,0.43613942374334486,0.37,primary
0.19151665822914976,ou_linear_gaussian,0.19151665822914976,2831718740,19,250.0,score_root,68f53b9fc049e339f8fbda04dea0f71f5ec35ef1bea18db219c61c97d7b7eaee,,1,2,interpolated_root,25000,0.5615166582291498,0.37,seed_repeat
0.1261224177025535,ou_linear_gaussian,0.1261224177025535,2831718740,19,500.0,score_root,68f53b9fc049e339f8fbda04dea0f71f5ec35ef1bea18db219c61c97d7b7eaee,,1,2,interpolated_root,50000,0.4961224177025535,0.37,seed_repeat
0.07899472598982149,ou_linear_gaussian,0.07899472598982149,2831718740,19,1000.0,score_root,68f53b9fc049e339f8fbda04dea0f71f5ec35ef1bea18db219c61c97d7b7eaee,,1,2,interpolated_root,100000,0.4489947259898215,0.37,seed_repeat
0.11725567989553332,ou_linear_gaussian,0.11725567989553332,,0,250.0,kalman,68f53b9fc049e339f8fbda04dea0f71f5ec35ef1bea18db219c61c97d7b7eaee,,0,2,interior,25000,0.4872556798955333,0.37,primary
0.09045913567366581,ou_linear_gaussian,0.09045913567366581,,0,500.0,kalman,68f53b9fc049e339f8fbda04dea0f71f5ec35ef1bea18db219c61c97d7b7eaee,,0,2,interior,50000,0.4604591356736658,0.37,primary
0.06299683991901911,ou_linear_gaussian,0.06299683991901911,,0,1000.0,kalman,68f53b9fc049e339f8fbda04dea0f71f5ec35ef1bea18db219c61c97d7b7eaee,,0,2,interior,100000,0.4329968399190191,0.37,primary
0.06161892524720941,ou_linear_gaussian,-0.06161892524720941,1099130340,19,250.0,score_root,4e39a64c21e07b643556d82e84c6034f63b68893bca29c21eab30dd317206751,,0,3,interpolated_root,25000,0.3083810747527906,0.37,primary
0.021096125068466365,ou_linear_gaussian,-0.021096125068466365,1099130340,19,500.0,score_root,4e39a64c21e07b643556d82e84c6034f63b68893bca29c21eab30dd317206751,,0,3,interpolated_root,50000,0.34890387493153363,0.37,primary
0.02514047731932284,ou_linear_gaussian,-0.02514047731932284,1099130340,19,1000.0,score_root,4e39a64c21e07b643556d82e84c6034f63b68893bca29c21eab30dd317206751,,0,3,interpolated_root,100000,0.34485952268067716,0.37,primary
0.07148189616413547,ou_linear_gaussian,-0.07148189616413547,477769542,19,250.0,score_root,4e39a64c21e07b643556d82e84c6034f63b68893bca29c21eab30dd317206751,,1,3,interpolated_root,25000,0.2985181038358645,0.37,seed_repeat
0.034619087076211474,ou_linear_gaussian,-0.034619087076211474,477769542,19,500.0,score_root,4e39a64c21e07b643556d82e84c6034f63b68893bca29c21eab30dd317206751,,1,3,interpolated_root,50000,0.3353809129237885,0.37,seed_repeat
0.02964990301088638,ou_linear_gaussian,-0.02964990301088638,477769542,19,1000.0,score_root,4e39a64c21e07b643556d82e84c6034f63b68893bca29c21eab30dd317206751,,1,3,interpolated_root,100000,0.3403500969891136,0.37,seed_repeat
0.06497314163722345,ou_linear_gaussian,-0.06497314163722345,,0,250.0,kalman,4e39a64c21e07b643556d82e84c6034f63b68893bca29c21eab30dd317206751,,0,3,interior,25000,0.30502685836277654,0.37,primary
0.019586337933204356,ou_linear_gaussian,-0.019586337933204356,,0,500.0,kalman,4e39a64c21e07b643556d82e84c6034f63b68893bca29c21eab30dd317206751,,0,3,interior,50000,0.35041366206679564,0.37,primary
0.019662233741553625,ou_linear_gaussian,-0.019662233741553625,,0,1000.0,kalman,4e39a64c21e07b643556d82e84c6034f63b68893bca29c21eab30dd317206751,,0,3,interior,100000,0.35033776625844637,0.37,primary
0.11237197316977271,ou_linear_gaussian,0.11237197316977271,3434386194,19,250.0,score_root,73c72ad852b5c6f855e1e3aaace784752dd27bb54d8d5f0bdcda1cba26840200,,0,4,interpolated_root,25000,0.4823719731697727,0.37,primary
0.10216995879145274,ou_linear_gaussian,0.10216995879145274,3434386194,19,500.0,score_root,73c72ad852b5c6f855e1e3aaace784752dd27bb54d8d5f0bdcda1cba26840200,,0,4,interpolated_root,50000,0.47216995879145274,0.37,primary
0.07299753833381395,ou_linear_gaussian,0.07299753833381395,3434386194,19,1000.0,score_root,73c72ad852b5c6f855e1e3aaace784752dd27bb54d8d5f0bdcda1cba26840200,,0,4,interpolated_root,100000,0.44299753833381394,0.37,primary
0.0679355260915675,ou_linear_gaussian,0.0679355260915675,2654543908,19,250.0,score_root,73c72ad852b5c6f855e1e3aaace784752dd27bb54d8d5f0bdcda1cba26840200,,1,4,interpolated_root,25000,0.4379355260915675,0.37,seed_repeat
0.04554969820285243,ou_linear_gaussian,0.04554969820285243,2654543908,19,500.0,score_root,73c72ad852b5c6f855e1e3aaace784752dd27bb54d8d5f0bdcda1cba26840200,,1,4,interpolated_root,50000,0.4155496982028524,0.37,seed_repeat
0.05021741873103169,ou_linear_gaussian,0.05021741873103169,2654543908,19,1000.0,score_root,73c72ad852b5c6f855e1e3aaace784752dd27bb54d8d5f0bdcda1cba26840200,,1,4,interpolated_root,100000,0.4202174187310317,0.37,seed_repeat
0.06525873885773004,ou_linear_gaussian,0.06525873885773004,,0,250.0,kalman,73c72ad852b5c6f855e1e3aaace784752dd27bb54d8d5f0bdcda1cba26840200,,0,4,interior,25000,0.43525873885773003,0.37,primary
0.03143029095799399,ou_linear_gaussian,0.03143029095799399,,0,500.0,kalman,73c72ad852b5c6f855e1e3aaace784752dd27bb54d8d5f0bdcda1cba26840200,,0,4,interior,50000,0.401430290957994,0.37,primary
0.025039566188759188,ou_linear_gaussian,0.025039566188759188,,0,1000.0,kalman,73c72ad852b5c6f855e1e3aaace784752dd27bb54d8d5f0bdcda1cba26840200,,0,4,interior,100000,0.3950395661887592,0.37,primary
0.039533707433090925,ou_linear_gaussian,-0.039533707433090925,44770273,19,250.0,score_root,e56afd56a724b744a82497ed26adea94894cc917aef3ef2494dbe7b0d98f2619,,0,5,interpolated_root,25000,0.33046629256690907,0.37,primary
0.021115977028084987,ou_linear_gaussian,-0.021115977028084987,44770273,19,500.0,score_root,e56afd56a724b744a82497ed26adea94894cc917aef3ef2494dbe7b0d98f2619,,0,5,interpolated_root,50000,0.348884022971915,0.37,primary
0.02521469295475237,ou_linear_gaussian,-0.02521469295475237,44770273,19,1000.0,score_root,e56afd56a724b744a82497ed26adea94894cc917aef3ef2494dbe7b0d98f2619,,0,5,interpolated_root,100000,0.3447853070452476,0.37,primary
0.04197432220389197,ou_linear_gaussian,-0.04197432220389197,,0,250.0,kalman,e56afd56a724b744a82497ed26adea94894cc917aef3ef2494dbe7b0d98f2619,,0,5,interior,25000,0.32802567779610803,0.37,primary
0.031406981756473606,ou_linear_gaussian,-0.031406981756473606,,0,500.0,kalman,e56afd56a724b744a82497ed26adea94894cc917aef3ef2494dbe7b0d98f2619,,0,5,interior,50000,0.3385930182435264,0.37,primary
0.03112970016438138,ou_linear_gaussian,-0.03112970016438138,,0,1000.0,kalman,e56afd56a724b744a82497ed26adea94894cc917aef3ef2494dbe7b0d98f2619,,0,5,interior,100000,0.3388702998356186,0.37,primary
0.047872152255141076,ou_linear_gaussian,-0.047872152255141076,4291806685,19,250.0,score_root,2c147e55f4207a452456eafa98630bd44bc19670168e5f7b4b53e06ffbe90f53,,0,6,interpolated_root,25000,0.3221278477448589,0.37,primary
0.0019491157476376753,ou_linear_gaussian,-0.0019491157476376753,4291806685,19,500.0,score_root,2c147e55f4207a452456eafa98630bd44bc19670168e5f7b4b53e06ffbe90f53,,0,6,interpolated_root,50000,0.3680508842523623,0.37,primary
0.009543022326680639,ou_linear_gaussian,0.009543022326680639,4291806685,19,1000.0,score_root,2c147e55f4207a452456eafa98630bd44bc19670168e5f7b4b53e06ffbe90f53,,0,6,interpolated_root,100000,0.37954302232668063,0.37,primary
0.0612159275672185,ou_linear_gaussian,-0.0612159275672185,,0,250.0,kalman,2c147e55f4207a452456eafa98630bd44bc19670168e5f7b4b53e06ffbe90f53,,0,6,interior,25000,0.3087840724327815,0.37,primary
0.02739027345512096,ou_linear_gaussian,-0.02739027345512096,,0,500.0,kalman,2c147e55f4207a452456eafa98630bd44bc19670168e5f7b4b53e06ffbe90f53,,0,6,interior,50000,0.34260972654487903,0.37,primary
0.002157081519577886,ou_linear_gaussian,0.002157081519577886,,0,1000.0,kalman,2c147e55f4207a452456eafa98630bd44bc19670168e5f7b4b53e06ffbe90f53,,0,6,interior,100000,0.3721570815195779,0.37,primary
0.02807536783552561,ou_linear_gaussian,0.02807536783552561,1918923661,19,250.0,score_root,c8f3ba91f1a312b4b310deaef4c521c2126e0a7d539d850917ba94dc3de2e0e7,,0,7,interpolated_root,25000,0.3980753678355256,0.37,primary
0.005147480958343886,ou_linear_gaussian,-0.005147480958343886,1918923661,19,500.0,score_root,c8f3ba91f1a312b4b310deaef4c521c2126e0a7d539d850917ba94dc3de2e0e7,,0,7,interpolated_root,50000,0.3648525190416561,0.37,primary
0.04762914581277217,ou_linear_gaussian,-0.04762914581277217,1918923661,19,1000.0,score_root,c8f3ba91f1a312b4b310deaef4c521c2126e0a7d539d850917ba94dc3de2e0e7,,0,7,interpolated_root,100000,0.32237085418722783,0.37,primary
0.013923091448129365,ou_linear_gaussian,-0.013923091448129365,,0,250.0,kalman,c8f3ba91f1a312b4b310deaef4c521c2126e0a7d539d850917ba94dc3de2e0e7,,0,7,interior,25000,0.35607690855187063,0.37,primary
0.015817381996086954,ou_linear_gaussian,-0.015817381996086954,,0,500.0,kalman,c8f3ba91f1a312b4b310deaef4c521c2126e0a7d539d850917ba94dc3de2e0e7,,0,7,interior,50000,0.35418261800391304,0.37,primary
0.056841905587642017,ou_linear_gaussian,-0.056841905587642017,,0,1000.0,kalman,c8f3ba91f1a312b4b310deaef4c521c2126e0a7d539d850917ba94dc3de2e0e7,,0,7,interior,100000,0.313158094412358,0.37,primary
0.01530682548393092,ou_linear_gaussian,0.01530682548393092,503293063,19,250.0,score_root,d614092c844d0ddb9921a9e654fbbd6fd230a2577b9b6953b27e14c2067f6eb6,,0,8,interpolated_root,25000,0.3853068254839309,0.37,primary
0.03244653776920048,ou_linear_gaussian,0.03244653776920048,503293063,19,500.0,score_root,d614092c844d0ddb9921a9e654fbbd6fd230a2577b9b6953b27e14c2067f6eb6,,0,8,interpolated_root,50000,0.4024465377692005,0.37,primary
0.01488591867300737,ou_linear_gaussian,0.01488591867300737,503293063,19,1000.0,score_root,d614092c844d0ddb9921a9e654fbbd6fd230a2577b9b6953b27e14c2067f6eb6,,0,8,interpolated_root,100000,0.38488591867300737,0.37,primary
0.025251058517079095,ou_linear_gaussian,-0.025251058517079095,,0,250.0,kalman,d614092c844d0ddb9921a9e654fbbd6fd230a2577b9b6953b27e14c2067f6eb6,,0,8,interior,25000,0.3447489414829209,0.37,primary
0.03725065563132113,ou_linear_gaussian,0.03725065563132113,,0,500.0,kalman,d614092c844d0ddb9921a9e654fbbd6fd230a2577b9b6953b27e14c2067f6eb6,,0,8,interior,50000,0.4072506556313211,0.37,primary
0.03744348433090661,ou_linear_gaussian,0.03744348433090661,,0,1000.0,kalman,d614092c844d0ddb9921a9e654fbbd6fd230a2577b9b6953b27e14c2067f6eb6,,0,8,interior,100000,0.4074434843309066,0.37,primary
0.004742440607737652,ou_linear_gaussian,-0.004742440607737652,3909646749,19,250.0,score_root,41e4fe5cc608bdfe5feccede264a972eb862e41ad04fc2ac6279715c6338616d,,0,9,interpolated_root,25000,0.36525755939226234,0.37,primary
0.022408340329512333,ou_linear_gaussian,0.022408340329512333,3909646749,19,500.0,score_root,41e4fe5cc608bdfe5feccede264a972eb862e41ad04fc2ac6279715c6338616d,,0,9,interpolated_root,50000,0.39240834032951233,0.37,primary
0.01670294089196911,ou_linear_gaussian,-0.01670294089196911,3909646749,19,1000.0,score_root,41e4fe5cc608bdfe5feccede264a972eb862e41ad04fc2ac6279715c6338616d,,0,9,interpolated_root,100000,0.3532970591080309,0.37,primary
0.003100529595904178,ou_linear_gaussian,-0.003100529595904178,,0,250.0,kalman,41e4fe5cc608bdfe5feccede264a972eb862e41ad04fc2ac6279715c6338616d,,0,9,interior,25000,0.3668994704040958,0.37,primary
0.012035779041405181,ou_linear_gaussian,0.012035779041405181,,0,500.0,kalman,41e4fe5cc608bdfe5feccede264a972eb862e41ad04fc2ac6279715c6338616d,,0,9,interior,50000,0.3820357790414052,0.37,primary
0.026887157863818067,ou_linear_gaussian,-0.026887157863818067,,0,1000.0,kalman,41e4fe5cc608bdfe5feccede264a972eb862e41ad04fc2ac6279715c6338616d,,0,9,interior,100000,0.34311284213618193,0.37,primary
0.09422414920034522,ou_linear_gaussian,-0.09422414920034522,1790371669,19,250.0,score_root,ac5ce24dfd1f988024def37d9886575e45580ef34e50b78cf14c60560c166a47,,0,10,interpolated_root,25000,0.2757758507996548,0.37,primary
0.04639997110007299,ou_linear_gaussian,-0.04639997110007299,1790371669,19,500.0,score_root,ac5ce24dfd1f988024def37d9886575e45580ef34e50b78cf14c60560c166a47,,0,10,interpolated_root,50000,0.323600028899927,0.37,primary
0.015385831264398353,ou_linear_gaussian,-0.015385831264398353,1790371669,19,1000.0,score_root,ac5ce24dfd1f988024def37d9886575e45580ef34e50b78cf14c60560c166a47,,0,10,interpolated_root,100000,0.35461416873560164,0.37,primary
0.07759410114076165,ou_linear_gaussian,-0.07759410114076165,,0,250.0,kalman,ac5ce24dfd1f988024def37d9886575e45580ef34e50b78cf14c60560c166a47,,0,10,interior,25000,0.29240589885923834,0.37,primary
0.04400336212818434,ou_linear_gaussian,-0.04400336212818434,,0,500.0,kalman,ac5ce24dfd1f988024def37d9886575e45580ef34e50b78cf14c60560c166a47,,0,10,interior,50000,0.32599663787181565,0.37,primary
0.034618682233521214,ou_linear_gaussian,-0.034618682233521214,,0,1000.0,kalman,ac5ce24dfd1f988024def37d9886575e45580ef34e50b78cf14c60560c166a47,,0,10,interior,100000,0.3353813177664788,0.37,primary
0.010666328900925115,ou_linear_gaussian,0.010666328900925115,458360085,19,250.0,score_root,46a50c7b6f5e2236f1947eb3297dd44485a62a1c1d87f794d885aa1076e15f8d,,0,11,interpolated_root,25000,0.3806663289009251,0.37,primary
0.03845238251401556,ou_linear_gaussian,-0.03845238251401556,458360085,19,500.0,score_root,46a50c7b6f5e2236f1947eb3297dd44485a62a1c1d87f794d885aa1076e15f8d,,0,11,interpolated_root,50000,0.33154761748598444,0.37,primary
0.035413135088536885,ou_linear_gaussian,-0.035413135088536885,458360085,19,1000.0,score_root,46a50c7b6f5e2236f1947eb3297dd44485a62a1c1d87f794d885aa1076e15f8d,,0,11,interpolated_root,100000,0.3345868649114631,0.37,primary
0.011331071464329323,ou_linear_gaussian,-0.011331071464329323,,0,250.0,kalman,46a50c7b6f5e2236f1947eb3297dd44485a62a1c1d87f794d885aa1076e15f8d,,0,11,interior,25000,0.3586689285356707,0.37,primary
0.028878906665714632,ou_linear_gaussian,-0.028878906665714632,,0,500.0,kalman,46a50c7b6f5e2236f1947eb3297dd44485a62a1c1d87f794d885aa1076e15f8d,,0,11,interior,50000,0.34112109333428536,0.37,primary
0.04349107876624536,ou_linear_gaussian,-0.04349107876624536,,0,1000.0,kalman,46a50c7b6f5e2236f1947eb3297dd44485a62a1c1d87f794d885aa1076e15f8d,,0,11,interior,100000,0.32650892123375463,0.37,primary
0.045676155934534945,ou_linear_gaussian,-0.045676155934534945,3179145567,19,250.0,score_root,a8fe86534739c7b4ad84b86eda287fb9dec5e410e3fab6d7706c5672a4d82e10,,0,12,interpolated_root,25000,0.32432384406546505,0.37,primary
0.018945813637460285,ou_linear_gaussian,0.018945813637460285,3179145567,19,500.0,score_root,a8fe86534739c7b4ad84b86eda287fb9dec5e410e3fab6d7706c5672a4d82e10,,0,12,interpolated_root,50000,0.3889458136374603,0.37,primary
0.005939230848317212,ou_linear_gaussian,-0.005939230848317212,3179145567,19,1000.0,score_root,a8fe86534739c7b4ad84b86eda287fb9dec5e410e3fab6d7706c5672a4d82e10,,0,12,interpolated_root,100000,0.3640607691516828,0.37,primary
0.0017620068756379337,ou_linear_gaussian,-0.0017620068756379337,,0,250.0,kalman,a8fe86534739c7b4ad84b86eda287fb9dec5e410e3fab6d7706c5672a4d82e10,,0,12,interior,25000,0.36823799312436206,0.37,primary
0.032480982875141395,ou_linear_gaussian,0.032480982875141395,,0,500.0,kalman,a8fe86534739c7b4ad84b86eda287fb9dec5e410e3fab6d7706c5672a4d82e10,,0,12,interior,50000,0.4024809828751414,0.37,primary
0.0056652851788933645,ou_linear_gaussian,0.0056652851788933645,,0,1000.0,kalman,a8fe86534739c7b4ad84b86eda287fb9dec5e410e3fab6d7706c5672a4d82e10,,0,12,interior,100000,0.37566528517889336,0.37,primary
0.07281556329720928,ou_linear_gaussian,0.07281556329720928,296329952,19,250.0,score_root,63e25f682712bd84c99a6ffb4959892934104e0f4d16cf9bbd7c515ce9be3f39,,0,13,interpolated_root,25000,0.4428155632972093,0.37,primary
0.0795807995704233,ou_linear_gaussian,0.0795807995704233,296329952,19,500.0,score_root,63e25f682712bd84c99a6ffb4959892934104e0f4d16cf9bbd7c515ce9be3f39,,0,13,interpolated_root,50000,0.4495807995704233,0.37,primary
0.019740617441183272,ou_linear_gaussian,0.019740617441183272,296329952,19,1000.0,score_root,63e25f682712bd84c99a6ffb4959892934104e0f4d16cf9bbd7c515ce9be3f39,,0,13,interpolated_root,100000,0.38974061744118327,0.37,primary
0.05537577835638158,ou_linear_gaussian,0.05537577835638158,,0,250.0,kalman,63e25f682712bd84c99a6ffb4959892934104e0f4d16cf9bbd7c515ce9be3f39,,0,13,interior,25000,0.4253757783563816,0.37,primary
0.056623330192967614,ou_linear_gaussian,0.056623330192967614,,0,500.0,kalman,63e25f682712bd84c99a6ffb4959892934104e0f4d16cf9bbd7c515ce9be3f39,,0,13,interior,50000,0.4266233301929676,0.37,primary
0.02356700682320373,ou_linear_gaussian,0.02356700682320373,,0,1000.0,kalman,63e25f682712bd84c99a6ffb4959892934104e0f4d16cf9bbd7c515ce9be3f39,,0,13,interior,100000,0.3935670068232037,0.37,primary
0.013319313333055638,ou_linear_gaussian,0.013319313333055638,2690010123,19,250.0,score_root,c9c0ae5a0823a4b834f9e257f33f67a521122fb72a0e0ede2ee37b19856b67bc,,0,14,interpolated_root,25000,0.38331931333305563,0.37,primary
0.06074470617987887,ou_linear_gaussian,0.06074470617987887,2690010123,19,500.0,score_root,c9c0ae5a0823a4b834f9e257f33f67a521122fb72a0e0ede2ee37b19856b67bc,,0,14,interpolated_root,50000,0.43074470617987887,0.37,primary
0.01617194891000101,ou_linear_gaussian,0.01617194891000101,2690010123,19,1000.0,score_root,c9c0ae5a0823a4b834f9e257f33f67a521122fb72a0e0ede2ee37b19856b67bc,,0,14,interpolated_root,100000,0.386171948910001,0.37,primary
0.017954243674877968,ou_linear_gaussian,0.017954243674877968,,0,250.0,kalman,c9c0ae5a0823a4b834f9e257f33f67a521122fb72a0e0ede2ee37b19856b67bc,,0,14,interior,25000,0.38795424367487796,0.37,primary
0.03197990199472017,ou_linear_gaussian,0.03197990199472017,,0,500.0,kalman,c9c0ae5a0823a4b834f9e257f33f67a521122fb72a0e0ede2ee37b19856b67bc,,0,14,interior,50000,0.40197990199472017,0.37,primary
0.006844240379843991,ou_linear_gaussian,-0.006844240379843991,,0,1000.0,kalman,c9c0ae5a0823a4b834f9e257f33f67a521122fb72a0e0ede2ee37b19856b67bc,,0,14,interior,100000,0.363155759620156,0.37,primary
0.2534632700409323,ou_linear_gaussian,0.2534632700409323,1676046580,19,250.0,score_root,0523b96476af4f69eb3a367c76afb4a4af9a8007ae05b373451d86275bf3b5ef,,0,15,interpolated_root,25000,0.6234632700409323,0.37,primary
0.08196288057351497,ou_linear_gaussian,0.08196288057351497,1676046580,19,500.0,score_root,0523b96476af4f69eb3a367c76afb4a4af9a8007ae05b373451d86275bf3b5ef,,0,15,interpolated_root,50000,0.45196288057351497,0.37,primary
0.0345731518015836,ou_linear_gaussian,0.0345731518015836,1676046580,19,1000.0,score_root,0523b96476af4f69eb3a367c76afb4a4af9a8007ae05b373451d86275bf3b5ef,,0,15,interpolated_root,100000,0.4045731518015836,0.37,primary
0.16330271159967702,ou_linear_gaussian,0.16330271159967702,,0,250.0,kalman,0523b96476af4f69eb3a367c76afb4a4af9a8007ae05b373451d86275bf3b5ef,,0,15,interior,25000,0.533302711599677,0.37,primary
0.06231793646288075,ou_linear_gaussian,0.06231793646288075,,0,500.0,kalman,0523b96476af4f69eb3a367c76afb4a4af9a8007ae05b373451d86275bf3b5ef,,0,15,interior,50000,0.43231793646288075,0.37,primary
0.020725616633222865,ou_linear_gaussian,0.020725616633222865,,0,1000.0,kalman,0523b96476af4f69eb3a367c76afb4a4af9a8007ae05b373451d86275bf3b5ef,,0,15,interior,100000,0.39072561663322286,0.37,primary
0.007620371263585335,ou_linear_gaussian,0.007620371263585335,269732014,19,250.0,score_root,e0564c7f1f2f34f43a8a05cc1902bb0e29885c0c3856219a9e37b96c8413d8a6,,0,16,interpolated_root,25000,0.37762037126358533,0.37,primary
0.00863855736344743,ou_linear_gaussian,0.00863855736344743,269732014,19,500.0,score_root,e0564c7f1f2f34f43a8a05cc1902bb0e29885c0c3856219a9e37b96c8413d8a6,,0,16,interpolated_root,50000,0.3786385573634474,0.37,primary
0.045108296305081175,ou_linear_gaussian,0.045108296305081175,269732014,19,1000.0,score_root,e0564c7f1f2f34f43a8a05cc1902bb0e29885c0c3856219a9e37b96c8413d8a6,,0,16,interpolated_root,100000,0.41510829630508117,0.37,primary
0.047212957927603716,ou_linear_gaussian,0.047212957927603716,,0,250.0,kalman,e0564c7f1f2f34f43a8a05cc1902bb0e29885c0c3856219a9e37b96c8413d8a6,,0,16,interior,25000,0.4172129579276037,0.37,primary
0.0444970384132497,ou_linear_gaussian,0.0444970384132497,,0,500.0,kalman,e0564c7f1f2f34f43a8a05cc1902bb0e29885c0c3856219a9e37b96c8413d8a6,,0,16,interior,50000,0.4144970384132497,0.37,primary
0.03926781869011414,ou_linear_gaussian,0.03926781869011414,,0,1000.0,kalman,e0564c7f1f2f34f43a8a05cc1902bb0e29885c0c3856219a9e37b96c8413d8a6,,0,16,interior,100000,0.40926781869011414,0.37,primary
0.14043625910296387,ou_linear_gaussian,0.14043625910296387,890050594,19,250.0,score_root,9db56edca0a267af0a78dd1bdfd31dfedc62a7350b5e1551e76774317718a377,,0,17,interpolated_root,25000,0.5104362591029639,0.37,primary
0.011786353520785442,ou_linear_gaussian,0.011786353520785442,890050594,19,500.0,score_root,9db56edca0a267af0a78dd1bdfd31dfedc62a7350b5e1551e76774317718a377,,0,17,interpolated_root,50000,0.38178635352078544,0.37,primary
0.015326939369569748,ou_linear_gaussian,0.015326939369569748,890050594,19,1000.0,score_root,9db56edca0a267af0a78dd1bdfd31dfedc62a7350b5e1551e76774317718a377,,0,17,interpolated_root,100000,0.38532693936956974,0.37,primary
0.15035878787116252,ou_linear_gaussian,0.15035878787116252,,0,250.0,kalman,9db56edca0a267af0a78dd1bdfd31dfedc62a7350b5e1551e76774317718a377,,0,17,interior,25000,0.5203587878711625,0.37,primary
0.031083139248446634,ou_linear_gaussian,0.031083139248446634,,0,500.0,kalman,9db56edca0a267af0a78dd1bdfd31dfedc62a7350b5e1551e76774317718a377,,0,17,interior,50000,0.40108313924844663,0.37,primary
0.022909897873214513,ou_linear_gaussian,0.022909897873214513,,0,1000.0,kalman,9db56edca0a267af0a78dd1bdfd31dfedc62a7350b5e1551e76774317718a377,,0,17,interior,100000,0.3929098978732145,0.37,primary
0.041885247096987044,ou_linear_gaussian,-0.041885247096987044,2448590240,19,250.0,score_root,128c3080a74bf2944829615ab03acc90c32177b44dd3c6dfd96862d43efb321d,,0,18,interpolated_root,25000,0.32811475290301295,0.37,primary
0.019908375284917457,ou_linear_gaussian,-0.019908375284917457,2448590240,19,500.0,score_root,128c3080a74bf2944829615ab03acc90c32177b44dd3c6dfd96862d43efb321d,,0,18,interpolated_root,50000,0.35009162471508254,0.37,primary
0.00823667504379888,ou_linear_gaussian,-0.00823667504379888,2448590240,19,1000.0,score_root,128c3080a74bf2944829615ab03acc90c32177b44dd3c6dfd96862d43efb321d,,0,18,interpolated_root,100000,0.3617633249562011,0.37,primary
0.03519901289388894,ou_linear_gaussian,-0.03519901289388894,,0,250.0,kalman,128c3080a74bf2944829615ab03acc90c32177b44dd3c6dfd96862d43efb321d,,0,18,interior,25000,0.33480098710611106,0.37,primary
0.007949647095411183,ou_linear_gaussian,-0.007949647095411183,,0,500.0,kalman,128c3080a74bf2944829615ab03acc90c32177b44dd3c6dfd96862d43efb321d,,0,18,interior,50000,0.3620503529045888,0.37,primary
0.009384328075877357,ou_linear_gaussian,0.009384328075877357,,0,1000.0,kalman,128c3080a74bf2944829615ab03acc90c32177b44dd3c6dfd96862d43efb321d,,0,18,interior,100000,0.37938432807587735,0.37,primary
0.04994802382752489,ou_linear_gaussian,-0.04994802382752489,102467450,19,250.0,score_root,5cd627054f6f9b196092211b6fc3960274db3e7909d143f5af81447cf09b6d04,,0,19,interpolated_root,25000,0.3200519761724751,0.37,primary
0.006425651188630421,ou_linear_gaussian,-0.006425651188630421,102467450,19,500.0,score_root,5cd627054f6f9b196092211b6fc3960274db3e7909d143f5af81447cf09b6d04,,0,19,interpolated_root,50000,0.3635743488113696,0.37,primary
0.0017406340605799486,ou_linear_gaussian,0.0017406340605799486,102467450,19,1000.0,score_root,5cd627054f6f9b196092211b6fc3960274db3e7909d143f5af81447cf09b6d04,,0,19,interpolated_root,100000,0.37174063406057994,0.37,primary
0.0682499062677352,ou_linear_gaussian,-0.0682499062677352,,0,250.0,kalman,5cd627054f6f9b196092211b6fc3960274db3e7909d143f5af81447cf09b6d04,,0,19,interior,25000,0.3017500937322648,0.37,primary
0.048549054202768616,ou_linear_gaussian,-0.048549054202768616,,0,500.0,kalman,5cd627054f6f9b196092211b6fc3960274db3e7909d143f5af81447cf09b6d04,,0,19,interior,50000,0.3214509457972314,0.37,primary
0.01597039007617279,ou_linear_gaussian,-0.01597039007617279,,0,1000.0,kalman,5cd627054f6f9b196092211b6fc3960274db3e7909d143f5af81447cf09b6d04,,0,19,interior,100000,0.3540296099238272,0.37,primary
0.08338351307880848,ou_linear_gaussian,-0.08338351307880848,3535165874,19,250.0,score_root,548f59a48959d0bcbc8bec96795cdcae9c0f270c672f0a7f1d045bf10040f8a1,,0,20,interpolated_root,25000,0.2866164869211915,0.37,primary
0.0517629950019437,ou_linear_gaussian,-0.0517629950019437,3535165874,19,500.0,score_root,548f59a48959d0bcbc8bec96795cdcae9c0f270c672f0a7f1d045bf10040f8a1,,0,20,interpolated_root,50000,0.3182370049980563,0.37,primary
0.024533668397853037,ou_linear_gaussian,-0.024533668397853037,3535165874,19,1000.0,score_root,548f59a48959d0bcbc8bec96795cdcae9c0f270c672f0a7f1d045bf10040f8a1,,0,20,interpolated_root,100000,0.34546633160214696,0.37,primary
0.11512946310539296,ou_linear_gaussian,-0.11512946310539296,,0,250.0,kalman,548f59a48959d0bcbc8bec96795cdcae9c0f270c672f0a7f1d045bf10040f8a1,,0,20,interior,25000,0.25487053689460704,0.37,primary
0.06598080914631,ou_linear_gaussian,-0.06598080914631,,0,500.0,kalman,548f59a48959d0bcbc8bec96795cdcae9c0f270c672f0a7f1d045bf10040f8a1,,0,20,interior,50000,0.30401919085369,0.37,primary
0.039383222576849564,ou_linear_gaussian,-0.039383222576849564,,0,1000.0,kalman,548f59a48959d0bcbc8bec96795cdcae9c0f270c672f0a7f1d045bf10040f8a1,,0,20,interior,100000,0.33061677742315043,0.37,primary
0.026163642381333285,ou_linear_gaussian,0.026163642381333285,2091724438,19,250.0,score_root,917e361e5061d77a9ab2cfcb2554cf4b6cdf4faedf953b346e3176b783fbe6c7,,0,21,interpolated_root,25000,0.3961636423813333,0.37,primary
0.020648792371915692,ou_linear_gaussian,-0.020648792371915692,2091724438,19,500.0,score_root,917e361e5061d77a9ab2cfcb2554cf4b6cdf4faedf953b346e3176b783fbe6c7,,0,21,interpolated_root,50000,0.3493512076280843,0.37,primary
0.017294542526541112,ou_linear_gaussian,-0.017294542526541112,2091724438,19,1000.0,score_root,917e361e5061d77a9ab2cfcb2554cf4b6cdf4faedf953b346e3176b783fbe6c7,,0,21,interpolated_root,100000,0.3527054574734589,0.37,primary
0.030094360086661442,ou_linear_gaussian,0.030094360086661442,,0,250.0,kalman,917e361e5061d77a9ab2cfcb2554cf4b6cdf4faedf953b346e3176b783fbe6c7,,0,21,interior,25000,0.40009436008666144,0.37,primary
0.02122760328142742,ou_linear_gaussian,-0.02122760328142742,,0,500.0,kalman,917e361e5061d77a9ab2cfcb2554cf4b6cdf4faedf953b346e3176b783fbe6c7,,0,21,interior,50000,0.3487723967185726,0.37,primary
0.0077362903559883844,ou_linear_gaussian,-0.0077362903559883844,,0,1000.0,kalman,917e361e5061d77a9ab2cfcb2554cf4b6cdf4faedf953b346e3176b783fbe6c7,,0,21,interior,100000,0.3622637096440116,0.37,primary
0.10950425866944219,ou_linear_gaussian,-0.10950425866944219,1663636192,19,250.0,score_root,2d6cc273e052862463769d20b61735329637659a071c0df0f496777b4773631b,,0,22,interpolated_root,25000,0.2604957413305578,0.37,primary
0.04368335025903047,ou_linear_gaussian,-0.04368335025903047,1663636192,19,500.0,score_root,2d6cc273e052862463769d20b61735329637659a071c0df0f496777b4773631b,,0,22,interpolated_root,50000,0.3263166497409695,0.37,primary
0.05234358144390161,ou_linear_gaussian,-0.05234358144390161,1663636192,19,1000.0,score_root,2d6cc273e052862463769d20b61735329637659a071c0df0f496777b4773631b,,0,22,interpolated_root,100000,0.3176564185560984,0.37,primary
0.13289705746858002,ou_linear_gaussian,-0.13289705746858002,,0,250.0,kalman,2d6cc273e052862463769d20b61735329637659a071c0df0f496777b4773631b,,0,22,interior,25000,0.23710294253141997,0.37,primary
0.07279176098071155,ou_linear_gaussian,-0.07279176098071155,,0,500.0,kalman,2d6cc273e052862463769d20b61735329637659a071c0df0f496777b4773631b,,0,22,interior,50000,0.29720823901928844,0.37,primary
0.05903584205412954,ou_linear_gaussian,-0.05903584205412954,,0,1000.0,kalman,2d6cc273e052862463769d20b61735329637659a071c0df0f496777b4773631b,,0,22,interior,100000,0.31096415794587046,0.37,primary
0.09864499573320712,ou_linear_gaussian,0.09864499573320712,4024515557,19,250.0,score_root,22bc2e1233b2b2a1f699e959e86e986ed15300f455371e02e4c7236f43a832ad,,0,23,interpolated_root,25000,0.4686449957332071,0.37,primary
0.10373184862725865,ou_linear_gaussian,0.10373184862725865,4024515557,19,500.0,score_root,22bc2e1233b2b2a1f699e959e86e986ed15300f455371e02e4c7236f43a832ad,,0,23,interpolated_root,50000,0.47373184862725864,0.37,primary
0.01818684250730762,ou_linear_gaussian,-0.01818684250730762,4024515557,19,1000.0,score_root,22bc2e1233b2b2a1f699e959e86e986ed15300f455371e02e4c7236f43a832ad,,0,23,interpolated_root,100000,0.3518131574926924,0.37,primary
0.11826620812098532,ou_linear_gaussian,0.11826620812098532,,0,250.0,kalman,22bc2e1233b2b2a1f699e959e86e986ed15300f455371e02e4c7236f43a832ad,,0,23,interior,25000,0.4882662081209853,0.37,primary
0.0980653822717652,ou_linear_gaussian,0.0980653822717652,,0,500.0,kalman,22bc2e1233b2b2a1f699e959e86e986ed15300f455371e02e4c7236f43a832ad,,0,23,interior,50000,0.4680653822717652,0.37,primary
0.02430108075474524,ou_linear_gaussian,-0.02430108075474524,,0,1000.0,kalman,22bc2e1233b2b2a1f699e959e86e986ed15300f455371e02e4c7236f43a832ad,,0,23,interior,100000,0.34569891924525475,0.37,primary
0.03954933023437118,ou_linear_gaussian,0.03954933023437118,2704973651,19,250.0,score_root,bab5885300e40dbcf1db4832699f61c2b1dd1bf64f7482856398fe801da468ef,,0,24,interpolated_root,25000,0.4095493302343712,0.37,primary
0.010147168428656483,ou_linear_gaussian,0.010147168428656483,2704973651,19,500.0,score_root,bab5885300e40dbcf1db4832699f61c2b1dd1bf64f7482856398fe801da468ef,,0,24,interpolated_root,50000,0.3801471684286565,0.37,primary
0.016621420118963615,ou_linear_gaussian,0.016621420118963615,2704973651,19,1000.0,score_root,bab5885300e40dbcf1db4832699f61c2b1dd1bf64f7482856398fe801da468ef,,0,24,interpolated_root,100000,0.3866214201189636,0.37,primary
0.01786451616266088,ou_linear_gaussian,0.01786451616266088,,0,250.0,kalman,bab5885300e40dbcf1db4832699f61c2b1dd1bf64f7482856398fe801da468ef,,0,24,interior,25000,0.3878645161626609,0.37,primary
0.002763979489833479,ou_linear_gaussian,-0.002763979489833479,,0,500.0,kalman,bab5885300e40dbcf1db4832699f61c2b1dd1bf64f7482856398fe801da468ef,,0,24,interior,50000,0.3672360205101665,0.37,primary
0.011107936306187227,ou_linear_gaussian,-0.011107936306187227,,0,1000.0,kalman,bab5885300e40dbcf1db4832699f61c2b1dd1bf64f7482856398fe801da468ef,,0,24,interior,100000,0.35889206369381277,0.37,primary
0.04818920880127231,ou_linear_gaussian,0.04818920880127231,2357770476,19,250.0,score_root,3bb60bdfaaa8abbaf205bae90f584ce45bd5f45e9f256fe880cd22014ba86566,,0,25,interpolated_root,25000,0.4181892088012723,0.37,primary
0.01694920941915662,ou_linear_gaussian,0.01694920941915662,2357770476,19,500.0,score_root,3bb60bdfaaa8abbaf205bae90f584ce45bd5f45e9f256fe880cd22014ba86566,,0,25,interpolated_root,50000,0.3869492094191566,0.37,primary
0.0076122770968569675,ou_linear_gaussian,-0.0076122770968569675,2357770476,19,1000.0,score_root,3bb60bdfaaa8abbaf205bae90f584ce45bd5f45e9f256fe880cd22014ba86566,,0,25,interpolated_root,100000,0.36238772290314303,0.37,primary
0.07818784207080703,ou_linear_gaussian,0.07818784207080703,,0,250.0,kalman,3bb60bdfaaa8abbaf205bae90f584ce45bd5f45e9f256fe880cd22014ba86566,,0,25,interior,25000,0.44818784207080703,0.37,primary
0.03347120917059332,ou_linear_gaussian,0.03347120917059332,,0,500.0,kalman,3bb60bdfaaa8abbaf205bae90f584ce45bd5f45e9f256fe880cd22014ba86566,,0,25,interior,50000,0.4034712091705933,0.37,primary
0.0007654851909948412,ou_linear_gaussian,0.0007654851909948412,,0,1000.0,kalman,3bb60bdfaaa8abbaf205bae90f584ce45bd5f45e9f256fe880cd22014ba86566,,0,25,interior,100000,0.37076548519099484,0.37,primary
0.13709503596020778,ou_linear_gaussian,0.13709503596020778,3865275414,19,250.0,score_root,34db515709caa227a9068b61b8215b4f9af43971f124bda85dd66c826cd7ed26,,0,26,interpolated_root,25000,0.5070950359602078,0.37,primary
0.12865328260737746,ou_linear_gaussian,0.12865328260737746,3865275414,19,500.0,score_root,34db515709caa227a9068b61b8215b4f9af43971f124bda85dd66c826cd7ed26,,0,26,interpolated_root,50000,0.49865328260737746,0.37,primary
0.043923833444990124,ou_linear_gaussian,0.043923833444990124,3865275414,19,1000.0,score_root,34db515709caa227a9068b61b8215b4f9af43971f124bda85dd66c826cd7ed26,,0,26,interpolated_root,100000,0.4139238334449901,0.37,primary
0.0711489983398163,ou_linear_gaussian,0.0711489983398163,,0,250.0,kalman,34db515709caa227a9068b61b8215b4f9af43971f124bda85dd66c826cd7ed26,,0,26,interior,25000,0.4411489983398163,0.37,primary
0.0558709666672389,ou_linear_gaussian,0.0558709666672389,,0,500.0,kalman,34db515709caa227a9068b61b8215b4f9af43971f124bda85dd66c826cd7ed26,,0,26,interior,50000,0.4258709666672389,0.37,primary
0.024263581554214153,ou_linear_gaussian,0.024263581554214153,,0,1000.0,kalman,34db515709caa227a9068b61b8215b4f9af43971f124bda85dd66c826cd7ed26,,0,26,interior,100000,0.39426358155421415,0.37,primary
0.0375533988291083,ou_linear_gaussian,-0.0375533988291083,2922170942,19,250.0,score_root,649f304e731acd1eabd908fbb626175f285707624af49b2cdf75f6c29f4480ac,,0,27,interpolated_root,25000,0.3324466011708917,0.37,primary
0.007867968012741478,ou_linear_gaussian,0.007867968012741478,2922170942,19,500.0,score_root,649f304e731acd1eabd908fbb626175f285707624af49b2cdf75f6c29f4480ac,,0,27,interpolated_root,50000,0.3778679680127415,0.37,primary
0.03231631250756467,ou_linear_gaussian,0.03231631250756467,2922170942,19,1000.0,score_root,649f304e731acd1eabd908fbb626175f285707624af49b2cdf75f6c29f4480ac,,0,27,interpolated_root,100000,0.40231631250756467,0.37,primary
0.008998214181763942,ou_linear_gaussian,0.008998214181763942,,0,250.0,kalman,649f304e731acd1eabd908fbb626175f285707624af49b2cdf75f6c29f4480ac,,0,27,interior,25000,0.37899821418176394,0.37,primary
0.012563428697187351,ou_linear_gaussian,0.012563428697187351,,0,500.0,kalman,649f304e731acd1eabd908fbb626175f285707624af49b2cdf75f6c29f4480ac,,0,27,interior,50000,0.38256342869718735,0.37,primary
0.020106855457602435,ou_linear_gaussian,0.020106855457602435,,0,1000.0,kalman,649f304e731acd1eabd908fbb626175f285707624af49b2cdf75f6c29f4480ac,,0,27,interior,100000,0.39010685545760243,0.37,primary
0.12573216087656425,ou_linear_gaussian,0.12573216087656425,237044012,19,250.0,score_root,260859bb175563fa92f56933d6dde01fd10a4e188fc2ff85cf81cb282259fcd6,,0,28,interpolated_root,25000,0.49573216087656424,0.37,primary
0.04708419671476932,ou_linear_gaussian,0.04708419671476932,237044012,19,500.0,score_root,260859bb175563fa92f56933d6dde01fd10a4e188fc2ff85cf81cb282259fcd6,,0,28,interpolated_root,50000,0.4170841967147693,0.37,primary
0.005145079003741004,ou_linear_gaussian,0.005145079003741004,237044012,19,1000.0,score_root,260859bb175563fa92f56933d6dde01fd10a4e188fc2ff85cf81cb282259fcd6,,0,28,interpolated_root,100000,0.375145079003741,0.37,primary
0.15180382906455447,ou_linear_gaussian,0.15180382906455447,,0,250.0,kalman,260859bb175563fa92f56933d6dde01fd10a4e188fc2ff85cf81cb282259fcd6,,0,28,interior,25000,0.5218038290645545,0.37,primary
0.05263733166983553,ou_linear_gaussian,0.05263733166983553,,0,500.0,kalman,260859bb175563fa92f56933d6dde01fd10a4e188fc2ff85cf81cb282259fcd6,,0,28,interior,50000,0.4226373316698355,0.37,primary
0.006283783974803281,ou_linear_gaussian,0.006283783974803281,,0,1000.0,kalman,260859bb175563fa92f56933d6dde01fd10a4e188fc2ff85cf81cb282259fcd6,,0,28,interior,100000,0.3762837839748033,0.37,primary
0.07590907415912135,ou_linear_gaussian,-0.07590907415912135,3296765397,19,250.0,score_root,4fbb6a0128ce05f3e4f85dd3d69dbb6e9213b1440168920cf59d343042297cc5,,0,29,interpolated_root,25000,0.29409092584087865,0.37,primary
0.0242880077789287,ou_linear_gaussian,-0.0242880077789287,3296765397,19,500.0,score_root,4fbb6a0128ce05f3e4f85dd3d69dbb6e9213b1440168920cf59d343042297cc5,,0,29,interpolated_root,50000,0.3457119922210713,0.37,primary
0.03358992398263594,ou_linear_gaussian,0.03358992398263594,3296765397,19,1000.0,score_root,4fbb6a0128ce05f3e4f85dd3d69dbb6e9213b1440168920cf59d343042297cc5,,0,29,interpolated_root,100000,0.40358992398263593,0.37,primary
0.06936762860978612,ou_linear_gaussian,-0.06936762860978612,,0,250.0,kalman,4fbb6a0128ce05f3e4f85dd3d69dbb6e9213b1440168920cf59d343042297cc5,,0,29,interior,25000,0.30063237139021387,0.37,primary
0.021917974620393854,ou_linear_gaussian,-0.021917974620393854,,0,500.0,kalman,4fbb6a0128ce05f3e4f85dd3d69dbb6e9213b1440168920cf59d343042297cc5,,0,29,interior,50000,0.34808202537960614,0.37,primary
0.005334564950573606,ou_linear_gaussian,0.005334564950573606,,0,1000.0,kalman,4fbb6a0128ce05f3e4f85dd3d69dbb6e9213b1440168920cf59d343042297cc5,,0,29,interior,100000,0.3753345649505736,0.37,primary
0.0480805091709377,ou_linear_gaussian,-0.0480805091709377,268611032,19,250.0,score_root,251503581cd36ff6404a3100d5016861b865eb718b1b125b99f88070e0493a5d,,0,30,interpolated_root,25000,0.3219194908290623,0.37,primary
0.031208244265400698,ou_linear_gaussian,-0.031208244265400698,268611032,19,500.0,score_root,251503581cd36ff6404a3100d5016861b865eb718b1b125b99f88070e0493a5d,,0,30,interpolated_root,50000,0.3387917557345993,0.37,primary
0.023065275256240525,ou_linear_gaussian,-0.023065275256240525,268611032,19,1000.0,score_root,251503581cd36ff6404a3100d5016861b865eb718b1b125b99f88070e0493a5d,,0,30,interpolated_root,100000,0.34693472474375947,0.37,primary
0.0381434397572753,ou_linear_gaussian,-0.0381434397572753,,0,250.0,kalman,251503581cd36ff6404a3100d5016861b865eb718b1b125b99f88070e0493a5d,,0,30,interior,25000,0.3318565602427247,0.37,primary
0.02263345829010699,ou_linear_gaussian,-0.02263345829010699,,0,500.0,kalman,251503581cd36ff6404a3100d5016861b865eb718b1b125b99f88070e0493a5d,,0,30,interior,50000,0.347366541709893,0.37,primary
0.008196542304434562,ou_linear_gaussian,-0.008196542304434562,,0,1000.0,kalman,251503581cd36ff6404a3100d5016861b865eb718b1b125b99f88070e0493a5d,,0,30,interior,100000,0.36180345769556543,0.37,primary
0.036788834119667546,ou_linear_gaussian,-0.036788834119667546,123582838,19,250.0,score_root,e8497d92fb9c295a10ccfdba4c58a6d79171718dc613439e2d372037c4c19a99,,0,31,interpolated_root,25000,0.33321116588033245,0.37,primary
0.002110957567363514,ou_linear_gaussian,-0.002110957567363514,123582838,19,500.0,score_root,e8497d92fb9c295a10ccfdba4c58a6d79171718dc613439e2d372037c4c19a99,,0,31,interpolated_root,50000,0.3678890424326365,0.37,primary
0.02168239754575174,ou_linear_gaussian,0.02168239754575174,123582838,19,1000.0,score_root,e8497d92fb9c295a10ccfdba4c58a6d79171718dc613439e2d372037c4c19a99,,0,31,interpolated_root,100000,0.39168239754575174,0.37,primary
0.009511139483998232,ou_linear_gaussian,-0.009511139483998232,,0,250.0,kalman,e8497d92fb9c295a10ccfdba4c58a6d79171718dc613439e2d372037c4c19a99,,0,31,interior,25000,0.36048886051600176,0.37,primary
0.019534480362228324,ou_linear_gaussian,0.019534480362228324,,0,500.0,kalman,e8497d92fb9c295a10ccfdba4c58a6d79171718dc613439e2d372037c4c19a99,,0,31,interior,50000,0.3895344803622283,0.37,primary
0.053838349631448235,ou_linear_gaussian,0.053838349631448235,,0,1000.0,kalman,e8497d92fb9c295a10ccfdba4c58a6d79171718dc613439e2d372037c4c19a99,,0,31,interior,100000,0.42383834963144823,0.37,primary
0.1453931223148992,ou_linear_gaussian,0.1453931223148992,343133107,19,250.0,score_root,7956c923b171193130d62ab69ff53e018c4dbce4e8c25e957a1f945d155cf901,,0,32,interpolated_root,25000,0.5153931223148992,0.37,primary
0.07424083522319502,ou_linear_gaussian,0.07424083522319502,343133107,19,500.0,score_root,7956c923b171193130d62ab69ff53e018c4dbce4e8c25e957a1f945d155cf901,,0,32,interpolated_root,50000,0.444240835223195,0.37,primary
0.06748371282278348,ou_linear_gaussian,0.06748371282278348,343133107,19,1000.0,score_root,7956c923b171193130d62ab69ff53e018c4dbce4e8c25e957a1f945d155cf901,,0,32,interpolated_root,100000,0.4374837128227835,0.37,primary
0.10228451939377298,ou_linear_gaussian,0.10228451939377298,,0,250.0,kalman,7956c923b171193130d62ab69ff53e018c4dbce4e8c25e957a1f945d155cf901,,0,32,interior,25000,0.472284519393773,0.37,primary
0.04116003375025823,ou_linear_gaussian,0.04116003375025823,,0,500.0,kalman,7956c923b171193130d62ab69ff53e018c4dbce4e8c25e957a1f945d155cf901,,0,32,interior,50000,0.4111600337502582,0.37,primary
0.03183744637121244,ou_linear_gaussian,0.03183744637121244,,0,1000.0,kalman,7956c923b171193130d62ab69ff53e018c4dbce4e8c25e957a1f945d155cf901,,0,32,interior,100000,0.40183744637121244,0.37,primary
0.09764590140093549,ou_linear_gaussian,-0.09764590140093549,1144922528,19,250.0,score_root,4946e364dfdeb0f80c1373af06086f73fc20c2ecb4f8646e8ffa59c24d8b4b9f,,0,33,interpolated_root,25000,0.2723540985990645,0.37,primary
0.03769907628793395,ou_linear_gaussian,-0.03769907628793395,1144922528,19,500.0,score_root,4946e364dfdeb0f80c1373af06086f73fc20c2ecb4f8646e8ffa59c24d8b4b9f,,0,33,interpolated_root,50000,0.33230092371206604,0.37,primary
0.01582504045971128,ou_linear_gaussian,-0.01582504045971128,1144922528,19,1000.0,score_root,4946e364dfdeb0f80c1373af06086f73fc20c2ecb4f8646e8ffa59c24d8b4b9f,,0,33,interpolated_root,100000,0.3541749595402887,0.37,primary
0.11641532052197612,ou_linear_gaussian,-0.11641532052197612,,0,250.0,kalman,4946e364dfdeb0f80c1373af06086f73fc20c2ecb4f8646e8ffa59c24d8b4b9f,,0,33,interior,25000,0.2535846794780239,0.37,primary
0.056146904409547116,ou_linear_gaussian,-0.056146904409547116,,0,500.0,kalman,4946e364dfdeb0f80c1373af06086f73fc20c2ecb4f8646e8ffa59c24d8b4b9f,,0,33,interior,50000,0.3138530955904529,0.37,primary
0.02368911540449098,ou_linear_gaussian,-0.02368911540449098,,0,1000.0,kalman,4946e364dfdeb0f80c1373af06086f73fc20c2ecb4f8646e8ffa59c24d8b4b9f,,0,33,interior,100000,0.346310884595509,0.37,primary
0.018661422552645857,ou_linear_gaussian,-0.018661422552645857,3525682742,19,250.0,score_root,f6862aeac8a1830e82dbcdf3707b182509991977aefea96c98426cb165ae86e6,,0,34,interpolated_root,25000,0.35133857744735414,0.37,primary
0.05408781024755516,ou_linear_gaussian,0.05408781024755516,3525682742,19,500.0,score_root,f6862aeac8a1830e82dbcdf3707b182509991977aefea96c98426cb165ae86e6,,0,34,interpolated_root,50000,0.42408781024755515,0.37,primary
0.01970982281578587,ou_linear_gaussian,0.01970982281578587,3525682742,19,1000.0,score_root,f6862aeac8a1830e82dbcdf3707b182509991977aefea96c98426cb165ae86e6,,0,34,interpolated_root,100000,0.38970982281578587,0.37,primary
0.02272271633240469,ou_linear_gaussian,0.02272271633240469,,0,250.0,kalman,f6862aeac8a1830e82dbcdf3707b182509991977aefea96c98426cb165ae86e6,,0,34,interior,25000,0.3927227163324047,0.37,primary
0.0778206198250414,ou_linear_gaussian,0.0778206198250414,,0,500.0,kalman,f6862aeac8a1830e82dbcdf3707b182509991977aefea96c98426cb165ae86e6,,0,34,interior,50000,0.4478206198250414,0.37,primary
0.021061153939758492,ou_linear_gaussian,0.021061153939758492,,0,1000.0,kalman,f6862aeac8a1830e82dbcdf3707b182509991977aefea96c98426cb165ae86e6,,0,34,interior,100000,0.3910611539397585,0.37,primary
0.05560446209367498,ou_linear_gaussian,-0.05560446209367498,2777431660,19,250.0,score_root,ffae7bd04127566ec1607b125c3e3752b82a1826ce62d647c82269f87c23afd4,,0,35,interpolated_root,25000,0.314395537906325,0.37,primary
0.04828625262808328,ou_linear_gaussian,-0.04828625262808328,2777431660,19,500.0,score_root,ffae7bd04127566ec1607b125c3e3752b82a1826ce62d647c82269f87c23afd4,,0,35,interpolated_root,50000,0.3217137473719167,0.37,primary
0.009916610892910405,ou_linear_gaussian,-0.009916610892910405,2777431660,19,1000.0,score_root,ffae7bd04127566ec1607b125c3e3752b82a1826ce62d647c82269f87c23afd4,,0,35,interpolated_root,100000,0.3600833891070896,0.37,primary
0.045496271024939305,ou_linear_gaussian,-0.045496271024939305,,0,250.0,kalman,ffae7bd04127566ec1607b125c3e3752b82a1826ce62d647c82269f87c23afd4,,0,35,interior,25000,0.3245037289750607,0.37,primary
0.0521668655798157,ou_linear_gaussian,-0.0521668655798157,,0,500.0,kalman,ffae7bd04127566ec1607b125c3e3752b82a1826ce62d647c82269f87c23afd4,,0,35,interior,50000,0.3178331344201843,0.37,primary
0.010188128376541206,ou_linear_gaussian,-0.010188128376541206,,0,1000.0,kalman,ffae7bd04127566ec1607b125c3e3752b82a1826ce62d647c82269f87c23afd4,,0,35,interior,100000,0.3598118716234588,0.37,primary
0.021977127930024765,ou_linear_gaussian,0.021977127930024765,2455114912,19,250.0,score_root,e2d5dee52a5af714696be7dabc2dac5709f36d848b551c6b60dbf0493ff318b9,,0,36,interpolated_root,25000,0.39197712793002476,0.37,primary
0.01937354765968008,ou_linear_gaussian,-0.01937354765968008,2455114912,19,500.0,score_root,e2d5dee52a5af714696be7dabc2dac5709f36d848b551c6b60dbf0493ff318b9,,0,36,interpolated_root,50000,0.3506264523403199,0.37,primary
0.007870694901421338,ou_linear_gaussian,-0.007870694901421338,2455114912,19,1000.0,score_root,e2d5dee52a5af714696be7dabc2dac5709f36d848b551c6b60dbf0493ff318b9,,0,36,interpolated_root,100000,0.36212930509857866,0.37,primary
0.01990083470871956,ou_linear_gaussian,0.01990083470871956,,0,250.0,kalman,e2d5dee52a5af714696be7dabc2dac5709f36d848b551c6b60dbf0493ff318b9,,0,36,interior,25000,0.38990083470871956,0.37,primary
0.016052797626256665,ou_linear_gaussian,-0.016052797626256665,,0,500.0,kalman,e2d5dee52a5af714696be7dabc2dac5709f36d848b551c6b60dbf0493ff318b9,,0,36,interior,50000,0.35394720237374333,0.37,primary
0.017665428774364333,ou_linear_gaussian,-0.017665428774364333,,0,1000.0,kalman,e2d5dee52a5af714696be7dabc2dac5709f36d848b551c6b60dbf0493ff318b9,,0,36,interior,100000,0.35233457122563566,0.37,primary
0.013405675213883361,ou_linear_gaussian,-0.013405675213883361,3552025114,19,250.0,score_root,e0161f1fe0ae8e81d9ef2d39c3b6bf6b09a1f7f215a7b1c5af16c76e1deab6eb,,0,37,interpolated_root,25000,0.35659432478611663,0.37,primary
0.03136701512671114,ou_linear_gaussian,-0.03136701512671114,3552025114,19,500.0,score_root,e0161f1fe0ae8e81d9ef2d39c3b6bf6b09a1f7f215a7b1c5af16c76e1deab6eb,,0,37,interpolated_root,50000,0.33863298487328886,0.37,primary
0.012488896982246811,ou_linear_gaussian,-0.012488896982246811,3552025114,19,1000.0,score_root,e0161f1fe0ae8e81d9ef2d39c3b6bf6b09a1f7f215a7b1c5af16c76e1deab6eb,,0,37,interpolated_root,100000,0.3575111030177532,0.37,primary
0.036224726623430126,ou_linear_gaussian,-0.036224726623430126,,0,250.0,kalman,e0161f1fe0ae8e81d9ef2d39c3b6bf6b09a1f7f215a7b1c5af16c76e1deab6eb,,0,37,interior,25000,0.33377527337656987,0.37,primary
0.018603623940502967,ou_linear_gaussian,-0.018603623940502967,,0,500.0,kalman,e0161f1fe0ae8e81d9ef2d39c3b6bf6b09a1f7f215a7b1c5af16c76e1deab6eb,,0,37,interior,50000,0.35139637605949703,0.37,primary
0.0024012738297625735,ou_linear_gaussian,0.0024012738297625735,,0,1000.0,kalman,e0161f1fe0ae8e81d9ef2d39c3b6bf6b09a1f7f215a7b1c5af16c76e1deab6eb,,0,37,interior,100000,0.37240127382976257,0.37,primary
0.1555828550608216,ou_linear_gaussian,0.1555828550608216,630671791,19,250.0,score_root,77bb640ad5dc7721c5985667147b3b09f55eeecf20d68b489011f59d841bf9af,,0,38,interpolated_root,25000,0.5255828550608216,0.37,primary
0.04182864591580615,ou_linear_gaussian,0.04182864591580615,630671791,19,500.0,score_root,77bb640ad5dc7721c5985667147b3b09f55eeecf20d68b489011f59d841bf9af,,0,38,interpolated_root,50000,0.41182864591580615,0.37,primary
0.0027141236716536343,ou_linear_gaussian,-0.0027141236716536343,630671791,19,1000.0,score_root,77bb640ad5dc7721c5985667147b3b09f55eeecf20d68b489011f59d841bf9af,,0,38,interpolated_root,100000,0.36728587632834636,0.37,primary
0.09845158516296204,ou_linear_gaussian,0.09845158516296204,,0,250.0,kalman,77bb640ad5dc7721c5985667147b3b09f55eeecf20d68b489011f59d841bf9af,,0,38,interior,25000,0.46845158516296204,0.37,primary
0.035392750486717195,ou_linear_gaussian,0.035392750486717195,,0,500.0,kalman,77bb640ad5dc7721c5985667147b3b09f55eeecf20d68b489011f59d841bf9af,,0,38,interior,50000,0.4053927504867172,0.37,primary
0.02105710377976794,ou_linear_gaussian,0.02105710377976794,,0,1000.0,kalman,77bb640ad5dc7721c5985667147b3b09f55eeecf20d68b489011f59d841bf9af,,0,38,interior,100000,0.39105710377976793,0.37,primary
0.04164625223369217,ou_linear_gaussian,0.04164625223369217,3095135193,19,250.0,score_root,68094011c32e394e23de1b5c0c7cb765aa59cb4ecb0182a777d26520c4ffc2da,,0,39,interpolated_root,25000,0.41164625223369217,0.37,primary
0.01769972804632869,ou_linear_gaussian,0.01769972804632869,3095135193,19,500.0,score_root,68094011c32e394e23de1b5c0c7cb765aa59cb4ecb0182a777d26520c4ffc2da,,0,39,interpolated_root,50000,0.3876997280463287,0.37,primary
0.03695520886579701,ou_linear_gaussian,0.03695520886579701,3095135193,19,1000.0,score_root,68094011c32e394e23de1b5c0c7cb765aa59cb4ecb0182a777d26520c4ffc2da,,0,39,interpolated_root,100000,0.406955208865797,0.37,primary
0.02043403471562749,ou_linear_gaussian,0.02043403471562749,,0,250.0,kalman,68094011c32e394e23de1b5c0c7cb765aa59cb4ecb0182a777d26520c4ffc2da,,0,39,interior,25000,0.3904340347156275,0.37,primary
0.011603635338365115,ou_linear_gaussian,0.011603635338365115,,0,500.0,kalman,68094011c32e394e23de1b5c0c7cb765aa59cb4ecb0182a777d26520c4ffc2da,,0,39,interior,50000,0.3816036353383651,0.37,primary
0.0035980261776666356,ou_linear_gaussian,0.0035980261776666356,,0,1000.0,kalman,68094011c32e394e23de1b5c0c7cb765aa59cb4ecb0182a777d26520c4ffc2da,,0,39,interior,100000,0.37359802617766663,0.37,primary
0.05159718459132856,ou_nonlinear_gaussian,-0.05159718459132856,3739349127,19,250.0,score_root,07f0b7ef4ff832922b35844f2136412c1596380790ce001e1920ef988a0887d7,,0,0,interpolated_root,25000,0.31840281540867144,0.37,primary
0.02378091637497115,ou_nonlinear_gaussian,-0.02378091637497115,3739349127,19,500.0,score_root,07f0b7ef4ff832922b35844f2136412c1596380790ce001e1920ef988a0887d7,,0,0,interpolated_root,50000,0.34621908362502885,0.37,primary
0.002613662127549765,ou_nonlinear_gaussian,0.002613662127549765,3739349127,19,1000.0,score_root,07f0b7ef4ff832922b35844f2136412c1596380790ce001e1920ef988a0887d7,,0,0,interpolated_root,100000,0.37261366212754976,0.37,primary
0.06475231352254757,ou_nonlinear_gaussian,-0.06475231352254757,1478011606,19,250.0,score_root,07f0b7ef4ff832922b35844f2136412c1596380790ce001e1920ef988a0887d7,,1,0,interpolated_root,25000,0.30524768647745243,0.37,seed_repeat
0.028173153653618443,ou_nonlinear_gaussian,-0.028173153653618443,1478011606,19,500.0,score_root,07f0b7ef4ff832922b35844f2136412c1596380790ce001e1920ef988a0887d7,,1,0,interpolated_root,50000,0.34182684634638155,0.37,seed_repeat
0.008105926539963781,ou_nonlinear_gaussian,-0.008105926539963781,1478011606,19,1000.0,score_root,07f0b7ef4ff832922b35844f2136412c1596380790ce001e1920ef988a0887d7,,1,0,interpolated_root,100000,0.3618940734600362,0.37,seed_repeat
0.06999999999999995,ou_nonlinear_gaussian,-0.06999999999999995,1006136806,19,250.0,particle,07f0b7ef4ff832922b35844f2136412c1596380790ce001e1920ef988a0887d7,8192,0,0,interior,25000,0.30000000000000004,0.37,primary
0.020000000000000018,ou_nonlinear_gaussian,-0.020000000000000018,1006136806,19,500.0,particle,07f0b7ef4ff832922b35844f2136412c1596380790ce001e1920ef988a0887d7,8192,0,0,interior,50000,0.35,0.37,primary
0.06999999999999995,ou_nonlinear_gaussian,-0.06999999999999995,1006136806,19,1000.0,particle,07f0b7ef4ff832922b35844f2136412c1596380790ce001e1920ef988a0887d7,8192,0,0,interior,100000,0.30000000000000004,0.37,primary
0.030000000000000027,ou_nonlinear_gaussian,0.030000000000000027,677658485,19,250.0,particle,07f0b7ef4ff832922b35844f2136412c1596380790ce001e1920ef988a0887d7,8192,1,0,interior,25000,0.4,0.37,seed_repeat
0.030000000000000027,ou_nonlinear_gaussian,0.030000000000000027,677658485,19,500.0,particle,07f0b7ef4ff832922b35844f2136412c1596380790ce001e1920ef988a0887d7,8192,1,0,interior,50000,0.4,0.37,seed_repeat
0.030000000000000027,ou_nonlinear_gaussian,0.030000000000000027,677658485,19,1000.0,particle,07f0b7ef4ff832922b35844f2136412c1596380790ce001e1920ef988a0887d7,8192,1,0,interior,100000,0.4,0.37,seed_repeat
0.030000000000000027,ou_nonlinear_gaussian,0.030000000000000027,1006136806,19,250.0,particle,07f0b7ef4ff832922b35844f2136412c1596380790ce001e1920ef988a0887d7,16384,0,0,interior,25000,0.4,0.37,particle_count
0.030000000000000027,ou_nonlinear_gaussian,0.030000000000000027,1006136806,19,500.0,particle,07f0b7ef4ff832922b35844f2136412c1596380790ce001e1920ef988a0887d7,16384,0,0,interior,50000,0.4,0.37,particle_count
0.020000000000000018,ou_nonlinear_gaussian,-0.020000000000000018,1006136806,19,1000.0,particle,07f0b7ef4ff832922b35844f2136412c1596380790ce001e1920ef988a0887d7,16384,0,0,interior,100000,0.35,0.37,particle_count
0.044999999999999984,ou_nonlinear_gaussian,-0.044999999999999984,1006136806,37,250.0,particle,07f0b7ef4ff832922b35844f2136412c1596380790ce001e1920ef988a0887d7,8192,0,0,interior,25000,0.325,0.37,grid_resolution
0.044999999999999984,ou_nonlinear_gaussian,-0.044999999999999984,1006136806,37,500.0,particle,07f0b7ef4ff832922b35844f2136412c1596380790ce001e1920ef988a0887d7,8192,0,0,interior,50000,0.325,0.37,grid_resolution
0.044999999999999984,ou_nonlinear_gaussian,-0.044999999999999984,1006136806,37,1000.0,particle,07f0b7ef4ff832922b35844f2136412c1596380790ce001e1920ef988a0887d7,8192,0,0,interior,100000,0.325,0.37,grid_resolution
0.06856460711652401,ou_nonlinear_gaussian,-0.06856460711652401,1810328384,19,250.0,score_root,c7309380cd7b48afcc0e06d364c88b47b728707db3b8d1b0585306d3aaaea3b6,,0,1,interpolated_root,25000,0.301435392883476,0.37,primary
0.07012094146693792,ou_nonlinear_gaussian,-0.07012094146693792,1810328384,19,500.0,score_root,c7309380cd7b48afcc0e06d364c88b47b728707db3b8d1b0585306d3aaaea3b6,,0,1,interpolated_root,50000,0.29987905853306207,0.37,primary
0.05583862383797217,ou_nonlinear_gaussian,-0.05583862383797217,1810328384,19,1000.0,score_root,c7309380cd7b48afcc0e06d364c88b47b728707db3b8d1b0585306d3aaaea3b6,,0,1,interpolated_root,100000,0.31416137616202783,0.37,primary
0.012351855086775443,ou_nonlinear_gaussian,-0.012351855086775443,909107604,19,250.0,score_root,c7309380cd7b48afcc0e06d364c88b47b728707db3b8d1b0585306d3aaaea3b6,,1,1,interpolated_root,25000,0.35764814491322455,0.37,seed_repeat
0.03568977211714752,ou_nonlinear_gaussian,-0.03568977211714752,909107604,19,500.0,score_root,c7309380cd7b48afcc0e06d364c88b47b728707db3b8d1b0585306d3aaaea3b6,,1,1,interpolated_root,50000,0.3343102278828525,0.37,seed_repeat
0.04182971003306246,ou_nonlinear_gaussian,-0.04182971003306246,909107604,19,1000.0,score_root,c7309380cd7b48afcc0e06d364c88b47b728707db3b8d1b0585306d3aaaea3b6,,1,1,interpolated_root,100000,0.32817028996693753,0.37,seed_repeat
0.06999999999999995,ou_nonlinear_gaussian,-0.06999999999999995,1100850441,19,250.0,particle,c7309380cd7b48afcc0e06d364c88b47b728707db3b8d1b0585306d3aaaea3b6,8192,0,1,interior,25000,0.30000000000000004,0.37,primary
0.06999999999999995,ou_nonlinear_gaussian,-0.06999999999999995,1100850441,19,500.0,particle,c7309380cd7b48afcc0e06d364c88b47b728707db3b8d1b0585306d3aaaea3b6,8192,0,1,interior,50000,0.30000000000000004,0.37,primary
0.020000000000000018,ou_nonlinear_gaussian,-0.020000000000000018,1100850441,19,1000.0,particle,c7309380cd7b48afcc0e06d364c88b47b728707db3b8d1b0585306d3aaaea3b6,8192,0,1,interior,100000,0.35,0.37,primary
0.030000000000000027,ou_nonlinear_gaussian,0.030000000000000027,3204075891,19,250.0,particle,c7309380cd7b48afcc0e06d364c88b47b728707db3b8d1b0585306d3aaaea3b6,8192,1,1,interior,25000,0.4,0.37,seed_repeat
0.12,ou_nonlinear_gaussian,-0.12,3204075891,19,500.0,particle,c7309380cd7b48afcc0e06d364c88b47b728707db3b8d1b0585306d3aaaea3b6,8192,1,1,interior,50000,0.25,0.37,seed_repeat
0.030000000000000027,ou_nonlinear_gaussian,0.030000000000000027,3204075891,19,1000.0,particle,c7309380cd7b48afcc0e06d364c88b47b728707db3b8d1b0585306d3aaaea3b6,8192,1,1,interior,100000,0.4,0.37,seed_repeat
0.12,ou_nonlinear_gaussian,-0.12,1100850441,19,250.0,particle,c7309380cd7b48afcc0e06d364c88b47b728707db3b8d1b0585306d3aaaea3b6,16384,0,1,interior,25000,0.25,0.37,particle_count
0.020000000000000018,ou_nonlinear_gaussian,-0.020000000000000018,1100850441,19,500.0,particle,c7309380cd7b48afcc0e06d364c88b47b728707db3b8d1b0585306d3aaaea3b6,16384,0,1,interior,50000,0.35,0.37,particle_count
0.06999999999999995,ou_nonlinear_gaussian,-0.06999999999999995,1100850441,19,1000.0,particle,c7309380cd7b48afcc0e06d364c88b47b728707db3b8d1b0585306d3aaaea3b6,16384,0,1,interior,100000,0.30000000000000004,0.37,particle_count
0.06999999999999995,ou_nonlinear_gaussian,-0.06999999999999995,1100850441,37,250.0,particle,c7309380cd7b48afcc0e06d364c88b47b728707db3b8d1b0585306d3aaaea3b6,8192,0,1,interior,25000,0.30000000000000004,0.37,grid_resolution
0.06999999999999995,ou_nonlinear_gaussian,-0.06999999999999995,1100850441,37,500.0,particle,c7309380cd7b48afcc0e06d364c88b47b728707db3b8d1b0585306d3aaaea3b6,8192,0,1,interior,50000,0.30000000000000004,0.37,grid_resolution
0.020000000000000018,ou_nonlinear_gaussian,-0.020000000000000018,1100850441,37,1000.0,particle,c7309380cd7b48afcc0e06d364c88b47b728707db3b8d1b0585306d3aaaea3b6,8192,0,1,interior,100000,0.35,0.37,grid_resolution
0.02484435088426551,ou_nonlinear_gaussian,-0.02484435088426551,948348645,19,250.0,score_root,23708c55f6d64c23839f039f1a022317caf1e3240016eb8803fa9931f983b8c5,,0,2,interpolated_root,25000,0.3451556491157345,0.37,primary
0.006306244487542079,ou_nonlinear_gaussian,0.006306244487542079,948348645,19,500.0,score_root,23708c55f6d64c23839f039f1a022317caf1e3240016eb8803fa9931f983b8c5,,0,2,interpolated_root,50000,0.3763062444875421,0.37,primary
0.011841939410172364,ou_nonlinear_gaussian,0.011841939410172364,948348645,19,1000.0,score_root,23708c55f6d64c23839f039f1a022317caf1e3240016eb8803fa9931f983b8c5,,0,2,interpolated_root,100000,0.38184193941017236,0.37,primary
0.0077669495166746705,ou_nonlinear_gaussian,-0.0077669495166746705,1309656373,19,250.0,score_root,23708c55f6d64c23839f039f1a022317caf1e3240016eb8803fa9931f983b8c5,,1,2,interpolated_root,25000,0.3622330504833253,0.37,seed_repeat
0.06661197778972222,ou_nonlinear_gaussian,0.06661197778972222,1309656373,19,500.0,score_root,23708c55f6d64c23839f039f1a022317caf1e3240016eb8803fa9931f983b8c5,,1,2,interpolated_root,50000,0.4366119777897222,0.37,seed_repeat
0.024639726941791895,ou_nonlinear_gaussian,0.024639726941791895,1309656373,19,1000.0,score_root,23708c55f6d64c23839f039f1a022317caf1e3240016eb8803fa9931f983b8c5,,1,2,interpolated_root,100000,0.3946397269417919,0.37,seed_repeat
0.020000000000000018,ou_nonlinear_gaussian,-0.020000000000000018,1919147932,19,250.0,particle,23708c55f6d64c23839f039f1a022317caf1e3240016eb8803fa9931f983b8c5,8192,0,2,interior,25000,0.35,0.37,primary
0.030000000000000027,ou_nonlinear_gaussian,0.030000000000000027,1919147932,19,500.0,particle,23708c55f6d64c23839f039f1a022317caf1e3240016eb8803fa9931f983b8c5,8192,0,2,interior,50000,0.4,0.37,primary
0.030000000000000027,ou_nonlinear_gaussian,0.030000000000000027,1919147932,19,1000.0,particle,23708c55f6d64c23839f039f1a022317caf1e3240016eb8803fa9931f983b8c5,8192,0,2,interior,100000,0.4,0.37,primary
0.08000000000000007,ou_nonlinear_gaussian,0.08000000000000007,902236164,19,250.0,particle,23708c55f6d64c23839f039f1a022317caf1e3240016eb8803fa9931f983b8c5,8192,1,2,interior,25000,0.45000000000000007,0.37,seed_repeat
0.08000000000000007,ou_nonlinear_gaussian,0.08000000000000007,902236164,19,500.0,particle,23708c55f6d64c23839f039f1a022317caf1e3240016eb8803fa9931f983b8c5,8192,1,2,interior,50000,0.45000000000000007,0.37,seed_repeat
0.08000000000000007,ou_nonlinear_gaussian,0.08000000000000007,902236164,19,1000.0,particle,23708c55f6d64c23839f039f1a022317caf1e3240016eb8803fa9931f983b8c5,8192,1,2,interior,100000,0.45000000000000007,0.37,seed_repeat
0.020000000000000018,ou_nonlinear_gaussian,-0.020000000000000018,1919147932,19,250.0,particle,23708c55f6d64c23839f039f1a022317caf1e3240016eb8803fa9931f983b8c5,16384,0,2,interior,25000,0.35,0.37,particle_count
0.030000000000000027,ou_nonlinear_gaussian,0.030000000000000027,1919147932,19,500.0,particle,23708c55f6d64c23839f039f1a022317caf1e3240016eb8803fa9931f983b8c5,16384,0,2,interior,50000,0.4,0.37,particle_count
0.030000000000000027,ou_nonlinear_gaussian,0.030000000000000027,1919147932,19,1000.0,particle,23708c55f6d64c23839f039f1a022317caf1e3240016eb8803fa9931f983b8c5,16384,0,2,interior,100000,0.4,0.37,particle_count
0.044999999999999984,ou_nonlinear_gaussian,-0.044999999999999984,1919147932,37,250.0,particle,23708c55f6d64c23839f039f1a022317caf1e3240016eb8803fa9931f983b8c5,8192,0,2,interior,25000,0.325,0.37,grid_resolution
0.030000000000000027,ou_nonlinear_gaussian,0.030000000000000027,1919147932,37,500.0,particle,23708c55f6d64c23839f039f1a022317caf1e3240016eb8803fa9931f983b8c5,8192,0,2,interior,50000,0.4,0.37,grid_resolution
0.030000000000000027,ou_nonlinear_gaussian,0.030000000000000027,1919147932,37,1000.0,particle,23708c55f6d64c23839f039f1a022317caf1e3240016eb8803fa9931f983b8c5,8192,0,2,interior,100000,0.4,0.37,grid_resolution
0.13221534982074845,ou_nonlinear_gaussian,0.13221534982074845,2942349156,19,250.0,score_root,1ff8870e0cae64b1653bc000ca448873845ef05142aea9122716732a38b8d532,,0,3,interpolated_root,25000,0.5022153498207484,0.37,primary
0.11400736465752698,ou_nonlinear_gaussian,0.11400736465752698,2942349156,19,500.0,score_root,1ff8870e0cae64b1653bc000ca448873845ef05142aea9122716732a38b8d532,,0,3,interpolated_root,50000,0.484007364657527,0.37,primary
0.047634383593868734,ou_nonlinear_gaussian,0.047634383593868734,2942349156,19,1000.0,score_root,1ff8870e0cae64b1653bc000ca448873845ef05142aea9122716732a38b8d532,,0,3,interpolated_root,100000,0.41763438359386873,0.37,primary
0.12483426388693802,ou_nonlinear_gaussian,0.12483426388693802,3494263198,19,250.0,score_root,1ff8870e0cae64b1653bc000ca448873845ef05142aea9122716732a38b8d532,,1,3,interpolated_root,25000,0.494834263886938,0.37,seed_repeat
0.07699403079334283,ou_nonlinear_gaussian,0.07699403079334283,3494263198,19,500.0,score_root,1ff8870e0cae64b1653bc000ca448873845ef05142aea9122716732a38b8d532,,1,3,interpolated_root,50000,0.4469940307933428,0.37,seed_repeat
0.06350177847571375,ou_nonlinear_gaussian,0.06350177847571375,3494263198,19,1000.0,score_root,1ff8870e0cae64b1653bc000ca448873845ef05142aea9122716732a38b8d532,,1,3,interpolated_root,100000,0.43350177847571375,0.37,seed_repeat
0.18000000000000005,ou_nonlinear_gaussian,0.18000000000000005,1413723734,19,250.0,particle,1ff8870e0cae64b1653bc000ca448873845ef05142aea9122716732a38b8d532,8192,0,3,interior,25000,0.55,0.37,primary
0.030000000000000027,ou_nonlinear_gaussian,0.030000000000000027,1413723734,19,500.0,particle,1ff8870e0cae64b1653bc000ca448873845ef05142aea9122716732a38b8d532,8192,0,3,interior,50000,0.4,0.37,primary
0.030000000000000027,ou_nonlinear_gaussian,0.030000000000000027,1413723734,19,1000.0,particle,1ff8870e0cae64b1653bc000ca448873845ef05142aea9122716732a38b8d532,8192,0,3,interior,100000,0.4,0.37,primary
0.13,ou_nonlinear_gaussian,0.13,3242992158,19,250.0,particle,1ff8870e0cae64b1653bc000ca448873845ef05142aea9122716732a38b8d532,8192,1,3,interior,25000,0.5,0.37,seed_repeat
0.08000000000000007,ou_nonlinear_gaussian,0.08000000000000007,3242992158,19,500.0,particle,1ff8870e0cae64b1653bc000ca448873845ef05142aea9122716732a38b8d532,8192,1,3,interior,50000,0.45000000000000007,0.37,seed_repeat
0.08000000000000007,ou_nonlinear_gaussian,0.08000000000000007,3242992158,19,1000.0,particle,1ff8870e0cae64b1653bc000ca448873845ef05142aea9122716732a38b8d532,8192,1,3,interior,100000,0.45000000000000007,0.37,seed_repeat
0.13,ou_nonlinear_gaussian,0.13,1413723734,19,250.0,particle,1ff8870e0cae64b1653bc000ca448873845ef05142aea9122716732a38b8d532,16384,0,3,interior,25000,0.5,0.37,particle_count
0.020000000000000018,ou_nonlinear_gaussian,-0.020000000000000018,1413723734,19,500.0,particle,1ff8870e0cae64b1653bc000ca448873845ef05142aea9122716732a38b8d532,16384,0,3,interior,50000,0.35,0.37,particle_count
0.030000000000000027,ou_nonlinear_gaussian,0.030000000000000027,1413723734,19,1000.0,particle,1ff8870e0cae64b1653bc000ca448873845ef05142aea9122716732a38b8d532,16384,0,3,interior,100000,0.4,0.37,particle_count
0.05500000000000005,ou_nonlinear_gaussian,0.05500000000000005,1413723734,37,250.0,particle,1ff8870e0cae64b1653bc000ca448873845ef05142aea9122716732a38b8d532,8192,0,3,interior,25000,0.42500000000000004,0.37,grid_resolution
0.05500000000000005,ou_nonlinear_gaussian,0.05500000000000005,1413723734,37,500.0,particle,1ff8870e0cae64b1653bc000ca448873845ef05142aea9122716732a38b8d532,8192,0,3,interior,50000,0.42500000000000004,0.37,grid_resolution
0.05500000000000005,ou_nonlinear_gaussian,0.05500000000000005,1413723734,37,1000.0,particle,1ff8870e0cae64b1653bc000ca448873845ef05142aea9122716732a38b8d532,8192,0,3,interior,100000,0.42500000000000004,0.37,grid_resolution
0.035673750320458,ou_nonlinear_gaussian,-0.035673750320458,1124733921,19,250.0,score_root,3c1dbbf2b1369ab6e5c448f15d9970c1b850f9d06602d3a1ab11eb137a9e7674,,0,4,interpolated_root,25000,0.334326249679542,0.37,primary
0.028599454000451108,ou_nonlinear_gaussian,0.028599454000451108,1124733921,19,500.0,score_root,3c1dbbf2b1369ab6e5c448f15d9970c1b850f9d06602d3a1ab11eb137a9e7674,,0,4,interpolated_root,50000,0.3985994540004511,0.37,primary
0.019541097776505312,ou_nonlinear_gaussian,0.019541097776505312,1124733921,19,1000.0,score_root,3c1dbbf2b1369ab6e5c448f15d9970c1b850f9d06602d3a1ab11eb137a9e7674,,0,4,interpolated_root,100000,0.3895410977765053,0.37,primary
0.06075408175672142,ou_nonlinear_gaussian,-0.06075408175672142,2618274272,19,250.0,score_root,3c1dbbf2b1369ab6e5c448f15d9970c1b850f9d06602d3a1ab11eb137a9e7674,,1,4,interpolated_root,25000,0.3092459182432786,0.37,seed_repeat
0.0024268030620115955,ou_nonlinear_gaussian,-0.0024268030620115955,2618274272,19,500.0,score_root,3c1dbbf2b1369ab6e5c448f15d9970c1b850f9d06602d3a1ab11eb137a9e7674,,1,4,interpolated_root,50000,0.3675731969379884,0.37,seed_repeat
0.01070095242707253,ou_nonlinear_gaussian,-0.01070095242707253,2618274272,19,1000.0,score_root,3c1dbbf2b1369ab6e5c448f15d9970c1b850f9d06602d3a1ab11eb137a9e7674,,1,4,interpolated_root,100000,0.35929904757292747,0.37,seed_repeat
0.020000000000000018,ou_nonlinear_gaussian,-0.020000000000000018,566383881,19,250.0,particle,3c1dbbf2b1369ab6e5c448f15d9970c1b850f9d06602d3a1ab11eb137a9e7674,8192,0,4,interior,25000,0.35,0.37,primary
0.020000000000000018,ou_nonlinear_gaussian,-0.020000000000000018,566383881,19,500.0,particle,3c1dbbf2b1369ab6e5c448f15d9970c1b850f9d06602d3a1ab11eb137a9e7674,8192,0,4,interior,50000,0.35,0.37,primary
0.020000000000000018,ou_nonlinear_gaussian,-0.020000000000000018,566383881,19,1000.0,particle,3c1dbbf2b1369ab6e5c448f15d9970c1b850f9d06602d3a1ab11eb137a9e7674,8192,0,4,interior,100000,0.35,0.37,primary
0.020000000000000018,ou_nonlinear_gaussian,-0.020000000000000018,1251673636,19,250.0,particle,3c1dbbf2b1369ab6e5c448f15d9970c1b850f9d06602d3a1ab11eb137a9e7674,8192,1,4,interior,25000,0.35,0.37,seed_repeat
0.030000000000000027,ou_nonlinear_gaussian,0.030000000000000027,1251673636,19,500.0,particle,3c1dbbf2b1369ab6e5c448f15d9970c1b850f9d06602d3a1ab11eb137a9e7674,8192,1,4,interior,50000,0.4,0.37,seed_repeat
0.020000000000000018,ou_nonlinear_gaussian,-0.020000000000000018,1251673636,19,1000.0,particle,3c1dbbf2b1369ab6e5c448f15d9970c1b850f9d06602d3a1ab11eb137a9e7674,8192,1,4,interior,100000,0.35,0.37,seed_repeat
0.12,ou_nonlinear_gaussian,-0.12,566383881,19,250.0,particle,3c1dbbf2b1369ab6e5c448f15d9970c1b850f9d06602d3a1ab11eb137a9e7674,16384,0,4,interior,25000,0.25,0.37,particle_count
0.030000000000000027,ou_nonlinear_gaussian,0.030000000000000027,566383881,19,500.0,particle,3c1dbbf2b1369ab6e5c448f15d9970c1b850f9d06602d3a1ab11eb137a9e7674,16384,0,4,interior,50000,0.4,0.37,particle_count
0.030000000000000027,ou_nonlinear_gaussian,0.030000000000000027,566383881,19,1000.0,particle,3c1dbbf2b1369ab6e5c448f15d9970c1b850f9d06602d3a1ab11eb137a9e7674,16384,0,4,interior,100000,0.4,0.37,particle_count
0.020000000000000018,ou_nonlinear_gaussian,-0.020000000000000018,566383881,37,250.0,particle,3c1dbbf2b1369ab6e5c448f15d9970c1b850f9d06602d3a1ab11eb137a9e7674,8192,0,4,interior,25000,0.35,0.37,grid_resolution
0.020000000000000018,ou_nonlinear_gaussian,-0.020000000000000018,566383881,37,500.0,particle,3c1dbbf2b1369ab6e5c448f15d9970c1b850f9d06602d3a1ab11eb137a9e7674,8192,0,4,interior,50000,0.35,0.37,grid_resolution
0.044999999999999984,ou_nonlinear_gaussian,-0.044999999999999984,566383881,37,1000.0,particle,3c1dbbf2b1369ab6e5c448f15d9970c1b850f9d06602d3a1ab11eb137a9e7674,8192,0,4,interior,100000,0.325,0.37,grid_resolution
0.01258322270274137,ou_nonlinear_gaussian,-0.01258322270274137,3501205733,19,250.0,score_root,7c7eaf8dbf532a0b9ef2aa8a40eae441df8a244d1968067286da832cc2dd6f68,,0,5,interpolated_root,25000,0.3574167772972586,0.37,primary
0.036416940941263465,ou_nonlinear_gaussian,0.036416940941263465,3501205733,19,500.0,score_root,7c7eaf8dbf532a0b9ef2aa8a40eae441df8a244d1968067286da832cc2dd6f68,,0,5,interpolated_root,50000,0.40641694094126346,0.37,primary
0.07742386290868841,ou_nonlinear_gaussian,0.07742386290868841,3501205733,19,1000.0,score_root,7c7eaf8dbf532a0b9ef2aa8a40eae441df8a244d1968067286da832cc2dd6f68,,0,5,interpolated_root,100000,0.4474238629086884,0.37,primary
0.06999999999999995,ou_nonlinear_gaussian,-0.06999999999999995,1493885162,19,250.0,particle,7c7eaf8dbf532a0b9ef2aa8a40eae441df8a244d1968067286da832cc2dd6f68,8192,0,5,interior,25000,0.30000000000000004,0.37,primary
0.08000000000000007,ou_nonlinear_gaussian,0.08000000000000007,1493885162,19,500.0,particle,7c7eaf8dbf532a0b9ef2aa8a40eae441df8a244d1968067286da832cc2dd6f68,8192,0,5,interior,50000,0.45000000000000007,0.37,primary
0.08000000000000007,ou_nonlinear_gaussian,0.08000000000000007,1493885162,19,1000.0,particle,7c7eaf8dbf532a0b9ef2aa8a40eae441df8a244d1968067286da832cc2dd6f68,8192,0,5,interior,100000,0.45000000000000007,0.37,primary
0.04006578076070122,ou_nonlinear_gaussian,0.04006578076070122,3608157369,19,250.0,score_root,6a8642c270fcfde6801dd9a5456624a7c5e44c65806d779e70be0abe251029d8,,0,6,interpolated_root,25000,0.4100657807607012,0.37,primary
0.05639079800593416,ou_nonlinear_gaussian,0.05639079800593416,3608157369,19,500.0,score_root,6a8642c270fcfde6801dd9a5456624a7c5e44c65806d779e70be0abe251029d8,,0,6,interpolated_root,50000,0.42639079800593416,0.37,primary
0.027453497222527545,ou_nonlinear_gaussian,0.027453497222527545,3608157369,19,1000.0,score_root,6a8642c270fcfde6801dd9a5456624a7c5e44c65806d779e70be0abe251029d8,,0,6,interpolated_root,100000,0.39745349722252754,0.37,primary
0.020000000000000018,ou_nonlinear_gaussian,-0.020000000000000018,4277153299,19,250.0,particle,6a8642c270fcfde6801dd9a5456624a7c5e44c65806d779e70be0abe251029d8,8192,0,6,interior,25000,0.35,0.37,primary
0.020000000000000018,ou_nonlinear_gaussian,-0.020000000000000018,4277153299,19,500.0,particle,6a8642c270fcfde6801dd9a5456624a7c5e44c65806d779e70be0abe251029d8,8192,0,6,interior,50000,0.35,0.37,primary
0.030000000000000027,ou_nonlinear_gaussian,0.030000000000000027,4277153299,19,1000.0,particle,6a8642c270fcfde6801dd9a5456624a7c5e44c65806d779e70be0abe251029d8,8192,0,6,interior,100000,0.4,0.37,primary
0.04555328816355175,ou_nonlinear_gaussian,0.04555328816355175,3999078451,19,250.0,score_root,58badbd7311c716d10c06301244c9c81eeff6536094d78be50bef501fe679c55,,0,7,interpolated_root,25000,0.41555328816355175,0.37,primary
0.08732250678817549,ou_nonlinear_gaussian,0.08732250678817549,3999078451,19,500.0,score_root,58badbd7311c716d10c06301244c9c81eeff6536094d78be50bef501fe679c55,,0,7,interpolated_root,50000,0.4573225067881755,0.37,primary
0.05360413436383338,ou_nonlinear_gaussian,0.05360413436383338,3999078451,19,1000.0,score_root,58badbd7311c716d10c06301244c9c81eeff6536094d78be50bef501fe679c55,,0,7,interpolated_root,100000,0.4236041343638334,0.37,primary
0.030000000000000027,ou_nonlinear_gaussian,0.030000000000000027,1670475683,19,250.0,particle,58badbd7311c716d10c06301244c9c81eeff6536094d78be50bef501fe679c55,8192,0,7,interior,25000,0.4,0.37,primary
0.030000000000000027,ou_nonlinear_gaussian,0.030000000000000027,1670475683,19,500.0,particle,58badbd7311c716d10c06301244c9c81eeff6536094d78be50bef501fe679c55,8192,0,7,interior,50000,0.4,0.37,primary
0.030000000000000027,ou_nonlinear_gaussian,0.030000000000000027,1670475683,19,1000.0,particle,58badbd7311c716d10c06301244c9c81eeff6536094d78be50bef501fe679c55,8192,0,7,interior,100000,0.4,0.37,primary
0.017417192629787026,ou_nonlinear_gaussian,0.017417192629787026,2709635287,19,250.0,score_root,6f05a4ddb4cc034c1741ad87aa785c8abaaae1ba29f4894d0840f484500ae9f9,,0,8,interpolated_root,25000,0.387417192629787,0.37,primary
0.008924336875286598,ou_nonlinear_gaussian,0.008924336875286598,2709635287,19,500.0,score_root,6f05a4ddb4cc034c1741ad87aa785c8abaaae1ba29f4894d0840f484500ae9f9,,0,8,interpolated_root,50000,0.3789243368752866,0.37,primary
0.009925381300305125,ou_nonlinear_gaussian,0.009925381300305125,2709635287,19,1000.0,score_root,6f05a4ddb4cc034c1741ad87aa785c8abaaae1ba29f4894d0840f484500ae9f9,,0,8,interpolated_root,100000,0.3799253813003051,0.37,primary
0.020000000000000018,ou_nonlinear_gaussian,-0.020000000000000018,3872921867,19,250.0,particle,6f05a4ddb4cc034c1741ad87aa785c8abaaae1ba29f4894d0840f484500ae9f9,8192,0,8,interior,25000,0.35,0.37,primary
0.030000000000000027,ou_nonlinear_gaussian,0.030000000000000027,3872921867,19,500.0,particle,6f05a4ddb4cc034c1741ad87aa785c8abaaae1ba29f4894d0840f484500ae9f9,8192,0,8,interior,50000,0.4,0.37,primary
0.020000000000000018,ou_nonlinear_gaussian,-0.020000000000000018,3872921867,19,1000.0,particle,6f05a4ddb4cc034c1741ad87aa785c8abaaae1ba29f4894d0840f484500ae9f9,8192,0,8,interior,100000,0.35,0.37,primary
0.03755176050585923,ou_nonlinear_gaussian,0.03755176050585923,673890096,19,250.0,score_root,82c3e2652eee1111d38bd60f06b74c59cf8c82d9a54d49aeac740a9becc6a7f0,,0,9,interpolated_root,25000,0.40755176050585923,0.37,primary
0.03172039739278243,ou_nonlinear_gaussian,0.03172039739278243,673890096,19,500.0,score_root,82c3e2652eee1111d38bd60f06b74c59cf8c82d9a54d49aeac740a9becc6a7f0,,0,9,interpolated_root,50000,0.4017203973927824,0.37,primary
0.030197610785479057,ou_nonlinear_gaussian,0.030197610785479057,673890096,19,1000.0,score_root,82c3e2652eee1111d38bd60f06b74c59cf8c82d9a54d49aeac740a9becc6a7f0,,0,9,interpolated_root,100000,0.40019761078547905,0.37,primary
0.08000000000000007,ou_nonlinear_gaussian,0.08000000000000007,1682425599,19,250.0,particle,82c3e2652eee1111d38bd60f06b74c59cf8c82d9a54d49aeac740a9becc6a7f0,8192,0,9,interior,25000,0.45000000000000007,0.37,primary
0.030000000000000027,ou_nonlinear_gaussian,0.030000000000000027,1682425599,19,500.0,particle,82c3e2652eee1111d38bd60f06b74c59cf8c82d9a54d49aeac740a9becc6a7f0,8192,0,9,interior,50000,0.4,0.37,primary
0.030000000000000027,ou_nonlinear_gaussian,0.030000000000000027,1682425599,19,1000.0,particle,82c3e2652eee1111d38bd60f06b74c59cf8c82d9a54d49aeac740a9becc6a7f0,8192,0,9,interior,100000,0.4,0.37,primary
0.09263632347849537,ou_nonlinear_gaussian,0.09263632347849537,1335453876,19,250.0,score_root,2a8c73e8277c1368cebd7ac276d0b05fd023cb1162a4e64e5655d8bde92c87ce,,0,10,interpolated_root,25000,0.46263632347849537,0.37,primary
0.08309153187922136,ou_nonlinear_gaussian,0.08309153187922136,1335453876,19,500.0,score_root,2a8c73e8277c1368cebd7ac276d0b05fd023cb1162a4e64e5655d8bde92c87ce,,0,10,interpolated_root,50000,0.45309153187922135,0.37,primary
0.03295475086979621,ou_nonlinear_gaussian,0.03295475086979621,1335453876,19,1000.0,score_root,2a8c73e8277c1368cebd7ac276d0b05fd023cb1162a4e64e5655d8bde92c87ce,,0,10,interpolated_root,100000,0.4029547508697962,0.37,primary
0.08000000000000007,ou_nonlinear_gaussian,0.08000000000000007,41271601,19,250.0,particle,2a8c73e8277c1368cebd7ac276d0b05fd023cb1162a4e64e5655d8bde92c87ce,8192,0,10,interior,25000,0.45000000000000007,0.37,primary
0.08000000000000007,ou_nonlinear_gaussian,0.08000000000000007,41271601,19,500.0,particle,2a8c73e8277c1368cebd7ac276d0b05fd023cb1162a4e64e5655d8bde92c87ce,8192,0,10,interior,50000,0.45000000000000007,0.37,primary
0.08000000000000007,ou_nonlinear_gaussian,0.08000000000000007,41271601,19,1000.0,particle,2a8c73e8277c1368cebd7ac276d0b05fd023cb1162a4e64e5655d8bde92c87ce,8192,0,10,interior,100000,0.45000000000000007,0.37,primary
0.012401938166278936,ou_nonlinear_gaussian,0.012401938166278936,3454906578,19,250.0,score_root,98f5abb9816e8bc202e54231f5e3d4c1c6a4b9d60489fe906dbac57dd1a92216,,0,11,interpolated_root,25000,0.38240193816627893,0.37,primary
0.005954632100377222,ou_nonlinear_gaussian,0.005954632100377222,3454906578,19,500.0,score_root,98f5abb9816e8bc202e54231f5e3d4c1c6a4b9d60489fe906dbac57dd1a92216,,0,11,interpolated_root,50000,0.3759546321003772,0.37,primary
0.026654452906927195,ou_nonlinear_gaussian,0.026654452906927195,3454906578,19,1000.0,score_root,98f5abb9816e8bc202e54231f5e3d4c1c6a4b9d60489fe906dbac57dd1a92216,,0,11,interpolated_root,100000,0.3966544529069272,0.37,primary
0.06999999999999995,ou_nonlinear_gaussian,-0.06999999999999995,1649180775,19,250.0,particle,98f5abb9816e8bc202e54231f5e3d4c1c6a4b9d60489fe906dbac57dd1a92216,8192,0,11,interior,25000,0.30000000000000004,0.37,primary
0.06999999999999995,ou_nonlinear_gaussian,-0.06999999999999995,1649180775,19,500.0,particle,98f5abb9816e8bc202e54231f5e3d4c1c6a4b9d60489fe906dbac57dd1a92216,8192,0,11,interior,50000,0.30000000000000004,0.37,primary
0.06999999999999995,ou_nonlinear_gaussian,-0.06999999999999995,1649180775,19,1000.0,particle,98f5abb9816e8bc202e54231f5e3d4c1c6a4b9d60489fe906dbac57dd1a92216,8192,0,11,interior,100000,0.30000000000000004,0.37,primary
0.13660756651635478,ou_nonlinear_gaussian,-0.13660756651635478,2983442091,19,250.0,score_root,24d685991017821161ec0874f3d9d99806a19dbb9c913797326e9b2dc5f28414,,0,12,interpolated_root,25000,0.23339243348364522,0.37,primary
0.00857551953493646,ou_nonlinear_gaussian,-0.00857551953493646,2983442091,19,500.0,score_root,24d685991017821161ec0874f3d9d99806a19dbb9c913797326e9b2dc5f28414,,0,12,interpolated_root,50000,0.36142448046506354,0.37,primary
0.07799027343876808,ou_nonlinear_gaussian,0.07799027343876808,2983442091,19,1000.0,score_root,24d685991017821161ec0874f3d9d99806a19dbb9c913797326e9b2dc5f28414,,0,12,interpolated_root,100000,0.44799027343876807,0.37,primary
0.12,ou_nonlinear_gaussian,-0.12,2270358617,19,250.0,particle,24d685991017821161ec0874f3d9d99806a19dbb9c913797326e9b2dc5f28414,8192,0,12,interior,25000,0.25,0.37,primary
0.08000000000000007,ou_nonlinear_gaussian,0.08000000000000007,2270358617,19,500.0,particle,24d685991017821161ec0874f3d9d99806a19dbb9c913797326e9b2dc5f28414,8192,0,12,interior,50000,0.45000000000000007,0.37,primary
0.08000000000000007,ou_nonlinear_gaussian,0.08000000000000007,2270358617,19,1000.0,particle,24d685991017821161ec0874f3d9d99806a19dbb9c913797326e9b2dc5f28414,8192,0,12,interior,100000,0.45000000000000007,0.37,primary
0.02539597275713057,ou_nonlinear_gaussian,-0.02539597275713057,1843971226,19,250.0,score_root,329ed933e1fdbc103e586092fe42b81c57d3b4060921ed3e31606b4ac7ffb27f,,0,13,interpolated_root,25000,0.3446040272428694,0.37,primary
0.012067202635677177,ou_nonlinear_gaussian,-0.012067202635677177,1843971226,19,500.0,score_root,329ed933e1fdbc103e586092fe42b81c57d3b4060921ed3e31606b4ac7ffb27f,,0,13,interpolated_root,50000,0.3579327973643228,0.37,primary
0.0042827684309486025,ou_nonlinear_gaussian,-0.0042827684309486025,1843971226,19,1000.0,score_root,329ed933e1fdbc103e586092fe42b81c57d3b4060921ed3e31606b4ac7ffb27f,,0,13,interpolated_root,100000,0.3657172315690514,0.37,primary
0.030000000000000027,ou_nonlinear_gaussian,0.030000000000000027,3415617020,19,250.0,particle,329ed933e1fdbc103e586092fe42b81c57d3b4060921ed3e31606b4ac7ffb27f,8192,0,13,interior,25000,0.4,0.37,primary
0.030000000000000027,ou_nonlinear_gaussian,0.030000000000000027,3415617020,19,500.0,particle,329ed933e1fdbc103e586092fe42b81c57d3b4060921ed3e31606b4ac7ffb27f,8192,0,13,interior,50000,0.4,0.37,primary
0.030000000000000027,ou_nonlinear_gaussian,0.030000000000000027,3415617020,19,1000.0,particle,329ed933e1fdbc103e586092fe42b81c57d3b4060921ed3e31606b4ac7ffb27f,8192,0,13,interior,100000,0.4,0.37,primary
0.010929946618556508,ou_nonlinear_gaussian,-0.010929946618556508,21991855,19,250.0,score_root,a7a8176d2df29c9c33095b26f8dd41b75aa99eeb94dc1a99118fecfad99fbaa5,,0,14,interpolated_root,25000,0.3590700533814435,0.37,primary
0.02637872135301994,ou_nonlinear_gaussian,-0.02637872135301994,21991855,19,500.0,score_root,a7a8176d2df29c9c33095b26f8dd41b75aa99eeb94dc1a99118fecfad99fbaa5,,0,14,interpolated_root,50000,0.34362127864698006,0.37,primary
0.03999308219869413,ou_nonlinear_gaussian,-0.03999308219869413,21991855,19,1000.0,score_root,a7a8176d2df29c9c33095b26f8dd41b75aa99eeb94dc1a99118fecfad99fbaa5,,0,14,interpolated_root,100000,0.33000691780130587,0.37,primary
0.06999999999999995,ou_nonlinear_gaussian,-0.06999999999999995,704970686,19,250.0,particle,a7a8176d2df29c9c33095b26f8dd41b75aa99eeb94dc1a99118fecfad99fbaa5,8192,0,14,interior,25000,0.30000000000000004,0.37,primary
0.06999999999999995,ou_nonlinear_gaussian,-0.06999999999999995,704970686,19,500.0,particle,a7a8176d2df29c9c33095b26f8dd41b75aa99eeb94dc1a99118fecfad99fbaa5,8192,0,14,interior,50000,0.30000000000000004,0.37,primary
0.06999999999999995,ou_nonlinear_gaussian,-0.06999999999999995,704970686,19,1000.0,particle,a7a8176d2df29c9c33095b26f8dd41b75aa99eeb94dc1a99118fecfad99fbaa5,8192,0,14,interior,100000,0.30000000000000004,0.37,primary
0.0207832309945834,ou_nonlinear_gaussian,-0.0207832309945834,241951955,19,250.0,score_root,bcd51c79de20bee04f5df68eca017fcaba6c0974ea8b0b3d014ebf4ca4fac4ba,,0,15,interpolated_root,25000,0.3492167690054166,0.37,primary
0.012212733375489893,ou_nonlinear_gaussian,-0.012212733375489893,241951955,19,500.0,score_root,bcd51c79de20bee04f5df68eca017fcaba6c0974ea8b0b3d014ebf4ca4fac4ba,,0,15,interpolated_root,50000,0.3577872666245101,0.37,primary
0.005882295799868376,ou_nonlinear_gaussian,0.005882295799868376,241951955,19,1000.0,score_root,bcd51c79de20bee04f5df68eca017fcaba6c0974ea8b0b3d014ebf4ca4fac4ba,,0,15,interpolated_root,100000,0.37588229579986837,0.37,primary
0.030000000000000027,ou_nonlinear_gaussian,0.030000000000000027,1823320543,19,250.0,particle,bcd51c79de20bee04f5df68eca017fcaba6c0974ea8b0b3d014ebf4ca4fac4ba,8192,0,15,interior,25000,0.4,0.37,primary
0.030000000000000027,ou_nonlinear_gaussian,0.030000000000000027,1823320543,19,500.0,particle,bcd51c79de20bee04f5df68eca017fcaba6c0974ea8b0b3d014ebf4ca4fac4ba,8192,0,15,interior,50000,0.4,0.37,primary
0.030000000000000027,ou_nonlinear_gaussian,0.030000000000000027,1823320543,19,1000.0,particle,bcd51c79de20bee04f5df68eca017fcaba6c0974ea8b0b3d014ebf4ca4fac4ba,8192,0,15,interior,100000,0.4,0.37,primary
0.0074276388294630125,ou_nonlinear_gaussian,-0.0074276388294630125,2037277727,19,250.0,score_root,cbdb810333c02c3b51221c9606bcc06fc8a96dbec22ac6734c9a648ec49a9cb7,,0,16,interpolated_root,25000,0.362572361170537,0.37,primary
0.02315387707902694,ou_nonlinear_gaussian,-0.02315387707902694,2037277727,19,500.0,score_root,cbdb810333c02c3b51221c9606bcc06fc8a96dbec22ac6734c9a648ec49a9cb7,,0,16,interpolated_root,50000,0.34684612292097305,0.37,primary
0.026979115805413068,ou_nonlinear_gaussian,0.026979115805413068,2037277727,19,1000.0,score_root,cbdb810333c02c3b51221c9606bcc06fc8a96dbec22ac6734c9a648ec49a9cb7,,0,16,interpolated_root,100000,0.39697911580541306,0.37,primary
0.030000000000000027,ou_nonlinear_gaussian,0.030000000000000027,1610095455,19,250.0,particle,cbdb810333c02c3b51221c9606bcc06fc8a96dbec22ac6734c9a648ec49a9cb7,8192,0,16,interior,25000,0.4,0.37,primary
0.06999999999999995,ou_nonlinear_gaussian,-0.06999999999999995,1610095455,19,500.0,particle,cbdb810333c02c3b51221c9606bcc06fc8a96dbec22ac6734c9a648ec49a9cb7,8192,0,16,interior,50000,0.30000000000000004,0.37,primary
0.030000000000000027,ou_nonlinear_gaussian,0.030000000000000027,1610095455,19,1000.0,particle,cbdb810333c02c3b51221c9606bcc06fc8a96dbec22ac6734c9a648ec49a9cb7,8192,0,16,interior,100000,0.4,0.37,primary
0.1319737855313358,ou_nonlinear_gaussian,-0.1319737855313358,1954504821,19,250.0,score_root,7afef39a0eca136ab5fa284fd231da1d5c53bad8a6d4a1e1a4bb10b48af91ec4,,0,17,interpolated_root,25000,0.2380262144686642,0.37,primary
0.08545675578051193,ou_nonlinear_gaussian,-0.08545675578051193,1954504821,19,500.0,score_root,7afef39a0eca136ab5fa284fd231da1d5c53bad8a6d4a1e1a4bb10b48af91ec4,,0,17,interpolated_root,50000,0.28454324421948807,0.37,primary
0.03422222037424799,ou_nonlinear_gaussian,-0.03422222037424799,1954504821,19,1000.0,score_root,7afef39a0eca136ab5fa284fd231da1d5c53bad8a6d4a1e1a4bb10b48af91ec4,,0,17,interpolated_root,100000,0.335777779625752,0.37,primary
0.06999999999999995,ou_nonlinear_gaussian,-0.06999999999999995,3842436740,19,250.0,particle,7afef39a0eca136ab5fa284fd231da1d5c53bad8a6d4a1e1a4bb10b48af91ec4,8192,0,17,interior,25000,0.30000000000000004,0.37,primary
0.06999999999999995,ou_nonlinear_gaussian,-0.06999999999999995,3842436740,19,500.0,particle,7afef39a0eca136ab5fa284fd231da1d5c53bad8a6d4a1e1a4bb10b48af91ec4,8192,0,17,interior,50000,0.30000000000000004,0.37,primary
0.06999999999999995,ou_nonlinear_gaussian,-0.06999999999999995,3842436740,19,1000.0,particle,7afef39a0eca136ab5fa284fd231da1d5c53bad8a6d4a1e1a4bb10b48af91ec4,8192,0,17,interior,100000,0.30000000000000004,0.37,primary
0.0365506099115917,ou_nonlinear_gaussian,-0.0365506099115917,3293067341,19,250.0,score_root,c7cb5a0d7847ffe9fe651c18a55ed64c1b1f37e4fa4609998e7c2dea709b591f,,0,18,interpolated_root,25000,0.3334493900884083,0.37,primary
0.03343899729047317,ou_nonlinear_gaussian,-0.03343899729047317,3293067341,19,500.0,score_root,c7cb5a0d7847ffe9fe651c18a55ed64c1b1f37e4fa4609998e7c2dea709b591f,,0,18,interpolated_root,50000,0.3365610027095268,0.37,primary
0.036322558611002254,ou_nonlinear_gaussian,0.036322558611002254,3293067341,19,1000.0,score_root,c7cb5a0d7847ffe9fe651c18a55ed64c1b1f37e4fa4609998e7c2dea709b591f,,0,18,interpolated_root,100000,0.40632255861100225,0.37,primary
0.06999999999999995,ou_nonlinear_gaussian,-0.06999999999999995,2370455829,19,250.0,particle,c7cb5a0d7847ffe9fe651c18a55ed64c1b1f37e4fa4609998e7c2dea709b591f,8192,0,18,interior,25000,0.30000000000000004,0.37,primary
0.06999999999999995,ou_nonlinear_gaussian,-0.06999999999999995,2370455829,19,500.0,particle,c7cb5a0d7847ffe9fe651c18a55ed64c1b1f37e4fa4609998e7c2dea709b591f,8192,0,18,interior,50000,0.30000000000000004,0.37,primary
0.030000000000000027,ou_nonlinear_gaussian,0.030000000000000027,2370455829,19,1000.0,particle,c7cb5a0d7847ffe9fe651c18a55ed64c1b1f37e4fa4609998e7c2dea709b591f,8192,0,18,interior,100000,0.4,0.37,primary
0.034832492915380264,ou_nonlinear_gaussian,-0.034832492915380264,1785127678,19,250.0,score_root,fc27e106e1c79250d1f3ab2fee8319eda2e2aac87e715914d0971fc261b9af1f,,0,19,interpolated_root,25000,0.33516750708461973,0.37,primary
0.08304020601074341,ou_nonlinear_gaussian,-0.08304020601074341,1785127678,19,500.0,score_root,fc27e106e1c79250d1f3ab2fee8319eda2e2aac87e715914d0971fc261b9af1f,,0,19,interpolated_root,50000,0.2869597939892566,0.37,primary
0.03560677110773375,ou_nonlinear_gaussian,-0.03560677110773375,1785127678,19,1000.0,score_root,fc27e106e1c79250d1f3ab2fee8319eda2e2aac87e715914d0971fc261b9af1f,,0,19,interpolated_root,100000,0.33439322889226625,0.37,primary
0.08000000000000007,ou_nonlinear_gaussian,0.08000000000000007,308663177,19,250.0,particle,fc27e106e1c79250d1f3ab2fee8319eda2e2aac87e715914d0971fc261b9af1f,8192,0,19,interior,25000,0.45000000000000007,0.37,primary
0.06999999999999995,ou_nonlinear_gaussian,-0.06999999999999995,308663177,19,500.0,particle,fc27e106e1c79250d1f3ab2fee8319eda2e2aac87e715914d0971fc261b9af1f,8192,0,19,interior,50000,0.30000000000000004,0.37,primary
0.020000000000000018,ou_nonlinear_gaussian,-0.020000000000000018,308663177,19,1000.0,particle,fc27e106e1c79250d1f3ab2fee8319eda2e2aac87e715914d0971fc261b9af1f,8192,0,19,interior,100000,0.35,0.37,primary
0.11089338966899209,ou_nonlinear_gaussian,0.11089338966899209,4001963683,19,250.0,score_root,5d24cbee22e5028ab9e1316a3cd26502d977dc6ee6b1ca20fc6ed3ff49164af9,,0,20,interpolated_root,25000,0.4808933896689921,0.37,primary
0.06912487713845694,ou_nonlinear_gaussian,0.06912487713845694,4001963683,19,500.0,score_root,5d24cbee22e5028ab9e1316a3cd26502d977dc6ee6b1ca20fc6ed3ff49164af9,,0,20,interpolated_root,50000,0.43912487713845694,0.37,primary
0.014729457453732886,ou_nonlinear_gaussian,0.014729457453732886,4001963683,19,1000.0,score_root,5d24cbee22e5028ab9e1316a3cd26502d977dc6ee6b1ca20fc6ed3ff49164af9,,0,20,interpolated_root,100000,0.3847294574537329,0.37,primary
0.030000000000000027,ou_nonlinear_gaussian,0.030000000000000027,2255839626,19,250.0,particle,5d24cbee22e5028ab9e1316a3cd26502d977dc6ee6b1ca20fc6ed3ff49164af9,8192,0,20,interior,25000,0.4,0.37,primary
0.06999999999999995,ou_nonlinear_gaussian,-0.06999999999999995,2255839626,19,500.0,particle,5d24cbee22e5028ab9e1316a3cd26502d977dc6ee6b1ca20fc6ed3ff49164af9,8192,0,20,interior,50000,0.30000000000000004,0.37,primary
0.06999999999999995,ou_nonlinear_gaussian,-0.06999999999999995,2255839626,19,1000.0,particle,5d24cbee22e5028ab9e1316a3cd26502d977dc6ee6b1ca20fc6ed3ff49164af9,8192,0,20,interior,100000,0.30000000000000004,0.37,primary
0.02179998103592773,ou_nonlinear_gaussian,-0.02179998103592773,1381057764,19,250.0,score_root,fb46554178b631c6ac3aedc70de49e36bf20e791184a90218970aaa7663c724a,,0,21,interpolated_root,25000,0.34820001896407227,0.37,primary
0.020544813701271702,ou_nonlinear_gaussian,-0.020544813701271702,1381057764,19,500.0,score_root,fb46554178b631c6ac3aedc70de49e36bf20e791184a90218970aaa7663c724a,,0,21,interpolated_root,50000,0.3494551862987283,0.37,primary
0.012446508345479279,ou_nonlinear_gaussian,-0.012446508345479279,1381057764,19,1000.0,score_root,fb46554178b631c6ac3aedc70de49e36bf20e791184a90218970aaa7663c724a,,0,21,interpolated_root,100000,0.3575534916545207,0.37,primary
0.020000000000000018,ou_nonlinear_gaussian,-0.020000000000000018,2390002093,19,250.0,particle,fb46554178b631c6ac3aedc70de49e36bf20e791184a90218970aaa7663c724a,8192,0,21,interior,25000,0.35,0.37,primary
0.06999999999999995,ou_nonlinear_gaussian,-0.06999999999999995,2390002093,19,500.0,particle,fb46554178b631c6ac3aedc70de49e36bf20e791184a90218970aaa7663c724a,8192,0,21,interior,50000,0.30000000000000004,0.37,primary
0.030000000000000027,ou_nonlinear_gaussian,0.030000000000000027,2390002093,19,1000.0,particle,fb46554178b631c6ac3aedc70de49e36bf20e791184a90218970aaa7663c724a,8192,0,21,interior,100000,0.4,0.37,primary
0.07659658962761395,ou_nonlinear_gaussian,-0.07659658962761395,4196014716,19,250.0,score_root,f8f013c99b536d4b863f7a503f8f74b88bb1db10eb2d04c833c1924dcf0da7e1,,0,22,interpolated_root,25000,0.29340341037238604,0.37,primary
0.07833652168911753,ou_nonlinear_gaussian,-0.07833652168911753,4196014716,19,500.0,score_root,f8f013c99b536d4b863f7a503f8f74b88bb1db10eb2d04c833c1924dcf0da7e1,,0,22,interpolated_root,50000,0.29166347831088246,0.37,primary
0.012925561950266562,ou_nonlinear_gaussian,-0.012925561950266562,4196014716,19,1000.0,score_root,f8f013c99b536d4b863f7a503f8f74b88bb1db10eb2d04c833c1924dcf0da7e1,,0,22,interpolated_root,100000,0.35707443804973343,0.37,primary
0.06999999999999995,ou_nonlinear_gaussian,-0.06999999999999995,3589081795,19,250.0,particle,f8f013c99b536d4b863f7a503f8f74b88bb1db10eb2d04c833c1924dcf0da7e1,8192,0,22,interior,25000,0.30000000000000004,0.37,primary
0.020000000000000018,ou_nonlinear_gaussian,-0.020000000000000018,3589081795,19,500.0,particle,f8f013c99b536d4b863f7a503f8f74b88bb1db10eb2d04c833c1924dcf0da7e1,8192,0,22,interior,50000,0.35,0.37,primary
0.030000000000000027,ou_nonlinear_gaussian,0.030000000000000027,3589081795,19,1000.0,particle,f8f013c99b536d4b863f7a503f8f74b88bb1db10eb2d04c833c1924dcf0da7e1,8192,0,22,interior,100000,0.4,0.37,primary
0.058924048914967664,ou_nonlinear_gaussian,-0.058924048914967664,1503043150,19,250.0,score_root,07f6f152333bdbff4adb2cbb9f7e57b5e63d6775c61fcabe8cb60a79b4063114,,0,23,interpolated_root,25000,0.31107595108503233,0.37,primary
0.03638293045516788,ou_nonlinear_gaussian,-0.03638293045516788,1503043150,19,500.0,score_root,07f6f152333bdbff4adb2cbb9f7e57b5e63d6775c61fcabe8cb60a79b4063114,,0,23,interpolated_root,50000,0.3336170695448321,0.37,primary
0.015294724618434952,ou_nonlinear_gaussian,-0.015294724618434952,1503043150,19,1000.0,score_root,07f6f152333bdbff4adb2cbb9f7e57b5e63d6775c61fcabe8cb60a79b4063114,,0,23,interpolated_root,100000,0.35470527538156504,0.37,primary
0.030000000000000027,ou_nonlinear_gaussian,0.030000000000000027,2338427543,19,250.0,particle,07f6f152333bdbff4adb2cbb9f7e57b5e63d6775c61fcabe8cb60a79b4063114,8192,0,23,interior,25000,0.4,0.37,primary
0.030000000000000027,ou_nonlinear_gaussian,0.030000000000000027,2338427543,19,500.0,particle,07f6f152333bdbff4adb2cbb9f7e57b5e63d6775c61fcabe8cb60a79b4063114,8192,0,23,interior,50000,0.4,0.37,primary
0.030000000000000027,ou_nonlinear_gaussian,0.030000000000000027,2338427543,19,1000.0,particle,07f6f152333bdbff4adb2cbb9f7e57b5e63d6775c61fcabe8cb60a79b4063114,8192,0,23,interior,100000,0.4,0.37,primary
0.02640228188580651,ou_nonlinear_gaussian,-0.02640228188580651,510897930,19,250.0,score_root,04626353c3b44e4a9fcace53abf8dd0567787d2133889061c19a6e477a745422,,0,24,interpolated_root,25000,0.3435977181141935,0.37,primary
0.01890319096953008,ou_nonlinear_gaussian,-0.01890319096953008,510897930,19,500.0,score_root,04626353c3b44e4a9fcace53abf8dd0567787d2133889061c19a6e477a745422,,0,24,interpolated_root,50000,0.3510968090304699,0.37,primary
0.05117332229388605,ou_nonlinear_gaussian,-0.05117332229388605,510897930,19,1000.0,score_root,04626353c3b44e4a9fcace53abf8dd0567787d2133889061c19a6e477a745422,,0,24,interpolated_root,100000,0.31882667770611395,0.37,primary
0.06999999999999995,ou_nonlinear_gaussian,-0.06999999999999995,354124250,19,250.0,particle,04626353c3b44e4a9fcace53abf8dd0567787d2133889061c19a6e477a745422,8192,0,24,interior,25000,0.30000000000000004,0.37,primary
0.06999999999999995,ou_nonlinear_gaussian,-0.06999999999999995,354124250,19,500.0,particle,04626353c3b44e4a9fcace53abf8dd0567787d2133889061c19a6e477a745422,8192,0,24,interior,50000,0.30000000000000004,0.37,primary
0.030000000000000027,ou_nonlinear_gaussian,0.030000000000000027,354124250,19,1000.0,particle,04626353c3b44e4a9fcace53abf8dd0567787d2133889061c19a6e477a745422,8192,0,24,interior,100000,0.4,0.37,primary
0.010892398918749324,ou_nonlinear_gaussian,0.010892398918749324,3340423340,19,250.0,score_root,a600954632525c1413cec231a16a171dea4b4c7200560597547f02a28aba2bf3,,0,25,interpolated_root,25000,0.3808923989187493,0.37,primary
0.034740163815723535,ou_nonlinear_gaussian,0.034740163815723535,3340423340,19,500.0,score_root,a600954632525c1413cec231a16a171dea4b4c7200560597547f02a28aba2bf3,,0,25,interpolated_root,50000,0.40474016381572353,0.37,primary
0.005429622576451909,ou_nonlinear_gaussian,-0.005429622576451909,3340423340,19,1000.0,score_root,a600954632525c1413cec231a16a171dea4b4c7200560597547f02a28aba2bf3,,0,25,interpolated_root,100000,0.3645703774235481,0.37,primary
0.020000000000000018,ou_nonlinear_gaussian,-0.020000000000000018,2047926874,19,250.0,particle,a600954632525c1413cec231a16a171dea4b4c7200560597547f02a28aba2bf3,8192,0,25,interior,25000,0.35,0.37,primary
0.020000000000000018,ou_nonlinear_gaussian,-0.020000000000000018,2047926874,19,500.0,particle,a600954632525c1413cec231a16a171dea4b4c7200560597547f02a28aba2bf3,8192,0,25,interior,50000,0.35,0.37,primary
0.020000000000000018,ou_nonlinear_gaussian,-0.020000000000000018,2047926874,19,1000.0,particle,a600954632525c1413cec231a16a171dea4b4c7200560597547f02a28aba2bf3,8192,0,25,interior,100000,0.35,0.37,primary
0.058803910167461226,ou_nonlinear_gaussian,0.058803910167461226,1250902023,19,250.0,score_root,4adbe065a6fbfc5e3167bb6b48bb4c9f005929ce22bb8358acc7737a262751e3,,0,26,interpolated_root,25000,0.4288039101674612,0.37,primary
0.010525527335575269,ou_nonlinear_gaussian,0.010525527335575269,1250902023,19,500.0,score_root,4adbe065a6fbfc5e3167bb6b48bb4c9f005929ce22bb8358acc7737a262751e3,,0,26,interpolated_root,50000,0.38052552733557526,0.37,primary
0.008966507447871919,ou_nonlinear_gaussian,0.008966507447871919,1250902023,19,1000.0,score_root,4adbe065a6fbfc5e3167bb6b48bb4c9f005929ce22bb8358acc7737a262751e3,,0,26,interpolated_root,100000,0.3789665074478719,0.37,primary
0.08000000000000007,ou_nonlinear_gaussian,0.08000000000000007,3323418976,19,250.0,particle,4adbe065a6fbfc5e3167bb6b48bb4c9f005929ce22bb8358acc7737a262751e3,8192,0,26,interior,25000,0.45000000000000007,0.37,primary
0.08000000000000007,ou_nonlinear_gaussian,0.08000000000000007,3323418976,19,500.0,particle,4adbe065a6fbfc5e3167bb6b48bb4c9f005929ce22bb8358acc7737a262751e3,8192,0,26,interior,50000,0.45000000000000007,0.37,primary
0.08000000000000007,ou_nonlinear_gaussian,0.08000000000000007,3323418976,19,1000.0,particle,4adbe065a6fbfc5e3167bb6b48bb4c9f005929ce22bb8358acc7737a262751e3,8192,0,26,interior,100000,0.45000000000000007,0.37,primary
0.021267524607171406,ou_nonlinear_gaussian,-0.021267524607171406,569538285,19,250.0,score_root,70a42cc9b0a24c5a8619e4b0db8510135d57354165b3722739656c85e61d9a92,,0,27,interpolated_root,25000,0.3487324753928286,0.37,primary
0.009015915115899997,ou_nonlinear_gaussian,-0.009015915115899997,569538285,19,500.0,score_root,70a42cc9b0a24c5a8619e4b0db8510135d57354165b3722739656c85e61d9a92,,0,27,interpolated_root,50000,0.3609840848841,0.37,primary
0.008048141748803694,ou_nonlinear_gaussian,-0.008048141748803694,569538285,19,1000.0,score_root,70a42cc9b0a24c5a8619e4b0db8510135d57354165b3722739656c85e61d9a92,,0,27,interpolated_root,100000,0.3619518582511963,0.37,primary
0.12,ou_nonlinear_gaussian,-0.12,1256612270,19,250.0,particle,70a42cc9b0a24c5a8619e4b0db8510135d57354165b3722739656c85e61d9a92,8192,0,27,interior,25000,0.25,0.37,primary
0.030000000000000027,ou_nonlinear_gaussian,0.030000000000000027,1256612270,19,500.0,particle,70a42cc9b0a24c5a8619e4b0db8510135d57354165b3722739656c85e61d9a92,8192,0,27,interior,50000,0.4,0.37,primary
0.030000000000000027,ou_nonlinear_gaussian,0.030000000000000027,1256612270,19,1000.0,particle,70a42cc9b0a24c5a8619e4b0db8510135d57354165b3722739656c85e61d9a92,8192,0,27,interior,100000,0.4,0.37,primary
0.0421141315554599,ou_nonlinear_gaussian,0.0421141315554599,1720692529,19,250.0,score_root,e3e373894a905a8b332a44643eb0542319f768da6e899656e9346f8793908add,,0,28,interpolated_root,25000,0.4121141315554599,0.37,primary
0.01630993278820886,ou_nonlinear_gaussian,-0.01630993278820886,1720692529,19,500.0,score_root,e3e373894a905a8b332a44643eb0542319f768da6e899656e9346f8793908add,,0,28,interpolated_root,50000,0.35369006721179114,0.37,primary
0.009458713799381235,ou_nonlinear_gaussian,0.009458713799381235,1720692529,19,1000.0,score_root,e3e373894a905a8b332a44643eb0542319f768da6e899656e9346f8793908add,,0,28,interpolated_root,100000,0.37945871379938123,0.37,primary
0.020000000000000018,ou_nonlinear_gaussian,-0.020000000000000018,3563786136,19,250.0,particle,e3e373894a905a8b332a44643eb0542319f768da6e899656e9346f8793908add,8192,0,28,interior,25000,0.35,0.37,primary
0.06999999999999995,ou_nonlinear_gaussian,-0.06999999999999995,3563786136,19,500.0,particle,e3e373894a905a8b332a44643eb0542319f768da6e899656e9346f8793908add,8192,0,28,interior,50000,0.30000000000000004,0.37,primary
0.020000000000000018,ou_nonlinear_gaussian,-0.020000000000000018,3563786136,19,1000.0,particle,e3e373894a905a8b332a44643eb0542319f768da6e899656e9346f8793908add,8192,0,28,interior,100000,0.35,0.37,primary
0.02260903712625062,ou_nonlinear_gaussian,-0.02260903712625062,1227917359,19,250.0,score_root,8784f58c791e138c9053e65b7b32a357ba71dd95b01814e1eabd2446e0bb612c,,0,29,interpolated_root,25000,0.3473909628737494,0.37,primary
0.018562640850186607,ou_nonlinear_gaussian,-0.018562640850186607,1227917359,19,500.0,score_root,8784f58c791e138c9053e65b7b32a357ba71dd95b01814e1eabd2446e0bb612c,,0,29,interpolated_root,50000,0.3514373591498134,0.37,primary
0.03929142475938058,ou_nonlinear_gaussian,-0.03929142475938058,1227917359,19,1000.0,score_root,8784f58c791e138c9053e65b7b32a357ba71dd95b01814e1eabd2446e0bb612c,,0,29,interpolated_root,100000,0.3307085752406194,0.37,primary
0.020000000000000018,ou_nonlinear_gaussian,-0.020000000000000018,2360322830,19,250.0,particle,8784f58c791e138c9053e65b7b32a357ba71dd95b01814e1eabd2446e0bb612c,8192,0,29,interior,25000,0.35,0.37,primary
0.020000000000000018,ou_nonlinear_gaussian,-0.020000000000000018,2360322830,19,500.0,particle,8784f58c791e138c9053e65b7b32a357ba71dd95b01814e1eabd2446e0bb612c,8192,0,29,interior,50000,0.35,0.37,primary
0.020000000000000018,ou_nonlinear_gaussian,-0.020000000000000018,2360322830,19,1000.0,particle,8784f58c791e138c9053e65b7b32a357ba71dd95b01814e1eabd2446e0bb612c,8192,0,29,interior,100000,0.35,0.37,primary
0.09141863987311788,ou_nonlinear_gaussian,-0.09141863987311788,2611595377,19,250.0,score_root,4943b319a0b8a736585e774f7310dfa805d05fabb0b8943a5adead4f96551c90,,0,30,interpolated_root,25000,0.2785813601268821,0.37,primary
0.026037559970980007,ou_nonlinear_gaussian,-0.026037559970980007,2611595377,19,500.0,score_root,4943b319a0b8a736585e774f7310dfa805d05fabb0b8943a5adead4f96551c90,,0,30,interpolated_root,50000,0.34396244002902,0.37,primary
0.010473329539178788,ou_nonlinear_gaussian,-0.010473329539178788,2611595377,19,1000.0,score_root,4943b319a0b8a736585e774f7310dfa805d05fabb0b8943a5adead4f96551c90,,0,30,interpolated_root,100000,0.3595266704608212,0.37,primary
0.020000000000000018,ou_nonlinear_gaussian,-0.020000000000000018,3003473050,19,250.0,particle,4943b319a0b8a736585e774f7310dfa805d05fabb0b8943a5adead4f96551c90,8192,0,30,interior,25000,0.35,0.37,primary
0.08000000000000007,ou_nonlinear_gaussian,0.08000000000000007,3003473050,19,500.0,particle,4943b319a0b8a736585e774f7310dfa805d05fabb0b8943a5adead4f96551c90,8192,0,30,interior,50000,0.45000000000000007,0.37,primary
0.030000000000000027,ou_nonlinear_gaussian,0.030000000000000027,3003473050,19,1000.0,particle,4943b319a0b8a736585e774f7310dfa805d05fabb0b8943a5adead4f96551c90,8192,0,30,interior,100000,0.4,0.37,primary
0.07419434048345258,ou_nonlinear_gaussian,0.07419434048345258,323760376,19,250.0,score_root,420f1b9ebc663ba6ca950559822749397143adb7e11af3e709251c48d16383dc,,0,31,interpolated_root,25000,0.4441943404834526,0.37,primary
0.06418542647269176,ou_nonlinear_gaussian,0.06418542647269176,323760376,19,500.0,score_root,420f1b9ebc663ba6ca950559822749397143adb7e11af3e709251c48d16383dc,,0,31,interpolated_root,50000,0.43418542647269176,0.37,primary
0.048907140225700085,ou_nonlinear_gaussian,0.048907140225700085,323760376,19,1000.0,score_root,420f1b9ebc663ba6ca950559822749397143adb7e11af3e709251c48d16383dc,,0,31,interpolated_root,100000,0.4189071402257001,0.37,primary
0.13,ou_nonlinear_gaussian,0.13,55067668,19,250.0,particle,420f1b9ebc663ba6ca950559822749397143adb7e11af3e709251c48d16383dc,8192,0,31,interior,25000,0.5,0.37,primary
0.13,ou_nonlinear_gaussian,0.13,55067668,19,500.0,particle,420f1b9ebc663ba6ca950559822749397143adb7e11af3e709251c48d16383dc,8192,0,31,interior,50000,0.5,0.37,primary
0.08000000000000007,ou_nonlinear_gaussian,0.08000000000000007,55067668,19,1000.0,particle,420f1b9ebc663ba6ca950559822749397143adb7e11af3e709251c48d16383dc,8192,0,31,interior,100000,0.45000000000000007,0.37,primary
0.08586095945221472,ou_nonlinear_gaussian,-0.08586095945221472,3865295389,19,250.0,score_root,ae0352c9db0bcfa7fc381c6c376adc36ada70cb913589b7a4c8054494cc59a85,,0,32,interpolated_root,25000,0.28413904054778527,0.37,primary
0.022957959752718138,ou_nonlinear_gaussian,0.022957959752718138,3865295389,19,500.0,score_root,ae0352c9db0bcfa7fc381c6c376adc36ada70cb913589b7a4c8054494cc59a85,,0,32,interpolated_root,50000,0.39295795975271813,0.37,primary
0.008436304067223732,ou_nonlinear_gaussian,0.008436304067223732,3865295389,19,1000.0,score_root,ae0352c9db0bcfa7fc381c6c376adc36ada70cb913589b7a4c8054494cc59a85,,0,32,interpolated_root,100000,0.3784363040672237,0.37,primary
0.020000000000000018,ou_nonlinear_gaussian,-0.020000000000000018,912632075,19,250.0,particle,ae0352c9db0bcfa7fc381c6c376adc36ada70cb913589b7a4c8054494cc59a85,8192,0,32,interior,25000,0.35,0.37,primary
0.020000000000000018,ou_nonlinear_gaussian,-0.020000000000000018,912632075,19,500.0,particle,ae0352c9db0bcfa7fc381c6c376adc36ada70cb913589b7a4c8054494cc59a85,8192,0,32,interior,50000,0.35,0.37,primary
0.020000000000000018,ou_nonlinear_gaussian,-0.020000000000000018,912632075,19,1000.0,particle,ae0352c9db0bcfa7fc381c6c376adc36ada70cb913589b7a4c8054494cc59a85,8192,0,32,interior,100000,0.35,0.37,primary
0.04353334180355195,ou_nonlinear_gaussian,-0.04353334180355195,1142415595,19,250.0,score_root,38b7f0332e4e1af57861e50b72e3bf2c2d8f45d64f2c069089e39d46e9c0b0c9,,0,33,interpolated_root,25000,0.32646665819644805,0.37,primary
0.03571251929892233,ou_nonlinear_gaussian,0.03571251929892233,1142415595,19,500.0,score_root,38b7f0332e4e1af57861e50b72e3bf2c2d8f45d64f2c069089e39d46e9c0b0c9,,0,33,interpolated_root,50000,0.4057125192989223,0.37,primary
0.010886659187527514,ou_nonlinear_gaussian,0.010886659187527514,1142415595,19,1000.0,score_root,38b7f0332e4e1af57861e50b72e3bf2c2d8f45d64f2c069089e39d46e9c0b0c9,,0,33,interpolated_root,100000,0.3808866591875275,0.37,primary
0.06999999999999995,ou_nonlinear_gaussian,-0.06999999999999995,3902453793,19,250.0,particle,38b7f0332e4e1af57861e50b72e3bf2c2d8f45d64f2c069089e39d46e9c0b0c9,8192,0,33,interior,25000,0.30000000000000004,0.37,primary
0.08000000000000007,ou_nonlinear_gaussian,0.08000000000000007,3902453793,19,500.0,particle,38b7f0332e4e1af57861e50b72e3bf2c2d8f45d64f2c069089e39d46e9c0b0c9,8192,0,33,interior,50000,0.45000000000000007,0.37,primary
0.020000000000000018,ou_nonlinear_gaussian,-0.020000000000000018,3902453793,19,1000.0,particle,38b7f0332e4e1af57861e50b72e3bf2c2d8f45d64f2c069089e39d46e9c0b0c9,8192,0,33,interior,100000,0.35,0.37,primary
0.02606397246526021,ou_nonlinear_gaussian,-0.02606397246526021,351658294,19,250.0,score_root,f405160c3486f83c1121ce5d28b27d54789a6bea55322c24d615343f1000bbf7,,0,34,interpolated_root,25000,0.3439360275347398,0.37,primary
0.08624892713026544,ou_nonlinear_gaussian,-0.08624892713026544,351658294,19,500.0,score_root,f405160c3486f83c1121ce5d28b27d54789a6bea55322c24d615343f1000bbf7,,0,34,interpolated_root,50000,0.28375107286973456,0.37,primary
0.037683333259184826,ou_nonlinear_gaussian,-0.037683333259184826,351658294,19,1000.0,score_root,f405160c3486f83c1121ce5d28b27d54789a6bea55322c24d615343f1000bbf7,,0,34,interpolated_root,100000,0.33231666674081517,0.37,primary
0.020000000000000018,ou_nonlinear_gaussian,-0.020000000000000018,334739762,19,250.0,particle,f405160c3486f83c1121ce5d28b27d54789a6bea55322c24d615343f1000bbf7,8192,0,34,interior,25000,0.35,0.37,primary
0.020000000000000018,ou_nonlinear_gaussian,-0.020000000000000018,334739762,19,500.0,particle,f405160c3486f83c1121ce5d28b27d54789a6bea55322c24d615343f1000bbf7,8192,0,34,interior,50000,0.35,0.37,primary
0.020000000000000018,ou_nonlinear_gaussian,-0.020000000000000018,334739762,19,1000.0,particle,f405160c3486f83c1121ce5d28b27d54789a6bea55322c24d615343f1000bbf7,8192,0,34,interior,100000,0.35,0.37,primary
0.05420417540902139,ou_nonlinear_gaussian,0.05420417540902139,4000865484,19,250.0,score_root,e0ada420034d6cb0a5c8e5cc4c282871d276585e9b695abeeba34080b2f7e719,,0,35,interpolated_root,25000,0.4242041754090214,0.37,primary
0.019422035767862722,ou_nonlinear_gaussian,0.019422035767862722,4000865484,19,500.0,score_root,e0ada420034d6cb0a5c8e5cc4c282871d276585e9b695abeeba34080b2f7e719,,0,35,interpolated_root,50000,0.3894220357678627,0.37,primary
0.01387702624842485,ou_nonlinear_gaussian,0.01387702624842485,4000865484,19,1000.0,score_root,e0ada420034d6cb0a5c8e5cc4c282871d276585e9b695abeeba34080b2f7e719,,0,35,interpolated_root,100000,0.38387702624842485,0.37,primary
0.030000000000000027,ou_nonlinear_gaussian,0.030000000000000027,1177637550,19,250.0,particle,e0ada420034d6cb0a5c8e5cc4c282871d276585e9b695abeeba34080b2f7e719,8192,0,35,interior,25000,0.4,0.37,primary
0.020000000000000018,ou_nonlinear_gaussian,-0.020000000000000018,1177637550,19,500.0,particle,e0ada420034d6cb0a5c8e5cc4c282871d276585e9b695abeeba34080b2f7e719,8192,0,35,interior,50000,0.35,0.37,primary
0.020000000000000018,ou_nonlinear_gaussian,-0.020000000000000018,1177637550,19,1000.0,particle,e0ada420034d6cb0a5c8e5cc4c282871d276585e9b695abeeba34080b2f7e719,8192,0,35,interior,100000,0.35,0.37,primary
0.11618475903256137,ou_nonlinear_gaussian,0.11618475903256137,3232424404,19,250.0,score_root,189ca857928d70bf2aa394b3103f0c6481589711c5efb18d9d1b1e30fdc7b35c,,0,36,interpolated_root,25000,0.48618475903256136,0.37,primary
0.059106497606104536,ou_nonlinear_gaussian,0.059106497606104536,3232424404,19,500.0,score_root,189ca857928d70bf2aa394b3103f0c6481589711c5efb18d9d1b1e30fdc7b35c,,0,36,interpolated_root,50000,0.42910649760610453,0.37,primary
0.006719043715664619,ou_nonlinear_gaussian,0.006719043715664619,3232424404,19,1000.0,score_root,189ca857928d70bf2aa394b3103f0c6481589711c5efb18d9d1b1e30fdc7b35c,,0,36,interpolated_root,100000,0.3767190437156646,0.37,primary
0.030000000000000027,ou_nonlinear_gaussian,0.030000000000000027,1147700818,19,250.0,particle,189ca857928d70bf2aa394b3103f0c6481589711c5efb18d9d1b1e30fdc7b35c,8192,0,36,interior,25000,0.4,0.37,primary
0.08000000000000007,ou_nonlinear_gaussian,0.08000000000000007,1147700818,19,500.0,particle,189ca857928d70bf2aa394b3103f0c6481589711c5efb18d9d1b1e30fdc7b35c,8192,0,36,interior,50000,0.45000000000000007,0.37,primary
0.030000000000000027,ou_nonlinear_gaussian,0.030000000000000027,1147700818,19,1000.0,particle,189ca857928d70bf2aa394b3103f0c6481589711c5efb18d9d1b1e30fdc7b35c,8192,0,36,interior,100000,0.4,0.37,primary
0.0003405594664799838,ou_nonlinear_gaussian,-0.0003405594664799838,1764085705,19,250.0,score_root,eff6c9cd46edf15d5851418b2ae440b0aa57fc3add0e2ec58d02a1ffbd613e87,,0,37,interpolated_root,25000,0.36965944053352,0.37,primary
0.012276335063825028,ou_nonlinear_gaussian,0.012276335063825028,1764085705,19,500.0,score_root,eff6c9cd46edf15d5851418b2ae440b0aa57fc3add0e2ec58d02a1ffbd613e87,,0,37,interpolated_root,50000,0.382276335063825,0.37,primary
0.01580725528730531,ou_nonlinear_gaussian,-0.01580725528730531,1764085705,19,1000.0,score_root,eff6c9cd46edf15d5851418b2ae440b0aa57fc3add0e2ec58d02a1ffbd613e87,,0,37,interpolated_root,100000,0.3541927447126947,0.37,primary
0.12,ou_nonlinear_gaussian,-0.12,1767731596,19,250.0,particle,eff6c9cd46edf15d5851418b2ae440b0aa57fc3add0e2ec58d02a1ffbd613e87,8192,0,37,interior,25000,0.25,0.37,primary
0.020000000000000018,ou_nonlinear_gaussian,-0.020000000000000018,1767731596,19,500.0,particle,eff6c9cd46edf15d5851418b2ae440b0aa57fc3add0e2ec58d02a1ffbd613e87,8192,0,37,interior,50000,0.35,0.37,primary
0.020000000000000018,ou_nonlinear_gaussian,-0.020000000000000018,1767731596,19,1000.0,particle,eff6c9cd46edf15d5851418b2ae440b0aa57fc3add0e2ec58d02a1ffbd613e87,8192,0,37,interior,100000,0.35,0.37,primary
0.09308325102806819,ou_nonlinear_gaussian,-0.09308325102806819,3565343877,19,250.0,score_root,8bb2f33353e6d02b6d3191ebad7707af8638908366851c2a2e5013a368cfe04b,,0,38,interpolated_root,25000,0.2769167489719318,0.37,primary
0.04749310810433566,ou_nonlinear_gaussian,-0.04749310810433566,3565343877,19,500.0,score_root,8bb2f33353e6d02b6d3191ebad7707af8638908366851c2a2e5013a368cfe04b,,0,38,interpolated_root,50000,0.32250689189566434,0.37,primary
0.044497495316565994,ou_nonlinear_gaussian,-0.044497495316565994,3565343877,19,1000.0,score_root,8bb2f33353e6d02b6d3191ebad7707af8638908366851c2a2e5013a368cfe04b,,0,38,interpolated_root,100000,0.325502504683434,0.37,primary
0.06999999999999995,ou_nonlinear_gaussian,-0.06999999999999995,1756987253,19,250.0,particle,8bb2f33353e6d02b6d3191ebad7707af8638908366851c2a2e5013a368cfe04b,8192,0,38,interior,25000,0.30000000000000004,0.37,primary
0.06999999999999995,ou_nonlinear_gaussian,-0.06999999999999995,1756987253,19,500.0,particle,8bb2f33353e6d02b6d3191ebad7707af8638908366851c2a2e5013a368cfe04b,8192,0,38,interior,50000,0.30000000000000004,0.37,primary
0.020000000000000018,ou_nonlinear_gaussian,-0.020000000000000018,1756987253,19,1000.0,particle,8bb2f33353e6d02b6d3191ebad7707af8638908366851c2a2e5013a368cfe04b,8192,0,38,interior,100000,0.35,0.37,primary
0.15949693431494882,ou_nonlinear_gaussian,0.15949693431494882,2170420237,19,250.0,score_root,ae86cba863b7611cad71bb8a47848c68d9a223433548395b8c8835b043460a44,,0,39,interpolated_root,25000,0.5294969343149488,0.37,primary
0.06564755267372996,ou_nonlinear_gaussian,0.06564755267372996,2170420237,19,500.0,score_root,ae86cba863b7611cad71bb8a47848c68d9a223433548395b8c8835b043460a44,,0,39,interpolated_root,50000,0.43564755267372995,0.37,primary
0.010950869064298596,ou_nonlinear_gaussian,-0.010950869064298596,2170420237,19,1000.0,score_root,ae86cba863b7611cad71bb8a47848c68d9a223433548395b8c8835b043460a44,,0,39,interpolated_root,100000,0.3590491309357014,0.37,primary
0.22999999999999998,ou_nonlinear_gaussian,0.22999999999999998,3542924305,19,250.0,particle,ae86cba863b7611cad71bb8a47848c68d9a223433548395b8c8835b043460a44,8192,0,39,interior,25000,0.6,0.37,primary
0.030000000000000027,ou_nonlinear_gaussian,0.030000000000000027,3542924305,19,500.0,particle,ae86cba863b7611cad71bb8a47848c68d9a223433548395b8c8835b043460a44,8192,0,39,interior,50000,0.4,0.37,primary
0.030000000000000027,ou_nonlinear_gaussian,0.030000000000000027,3542924305,19,1000.0,particle,ae86cba863b7611cad71bb8a47848c68d9a223433548395b8c8835b043460a44,8192,0,39,interior,100000,0.4,0.37,primary
0.020141742547133856,ou_poisson,0.020141742547133856,2914135162,19,250.0,score_root,907277c89b6626ec3a3aeca8cc0840ca9ca905f9d01b195e338a57299a21a6cc,,0,0,interpolated_root,25000,0.39014174254713385,0.37,primary
0.007197407286160418,ou_poisson,-0.007197407286160418,2914135162,19,500.0,score_root,907277c89b6626ec3a3aeca8cc0840ca9ca905f9d01b195e338a57299a21a6cc,,0,0,interpolated_root,50000,0.3628025927138396,0.37,primary
0.004798418916805658,ou_poisson,0.004798418916805658,2914135162,19,1000.0,score_root,907277c89b6626ec3a3aeca8cc0840ca9ca905f9d01b195e338a57299a21a6cc,,0,0,interpolated_root,100000,0.37479841891680565,0.37,primary
0.008651870919783589,ou_poisson,-0.008651870919783589,2331182040,19,250.0,score_root,907277c89b6626ec3a3aeca8cc0840ca9ca905f9d01b195e338a57299a21a6cc,,1,0,interpolated_root,25000,0.3613481290802164,0.37,seed_repeat
0.017319623556681818,ou_poisson,-0.017319623556681818,2331182040,19,500.0,score_root,907277c89b6626ec3a3aeca8cc0840ca9ca905f9d01b195e338a57299a21a6cc,,1,0,interpolated_root,50000,0.3526803764433182,0.37,seed_repeat
0.005933059219674852,ou_poisson,-0.005933059219674852,2331182040,19,1000.0,score_root,907277c89b6626ec3a3aeca8cc0840ca9ca905f9d01b195e338a57299a21a6cc,,1,0,interpolated_root,100000,0.36406694078032514,0.37,seed_repeat
0.020000000000000018,ou_poisson,-0.020000000000000018,2759463143,19,250.0,particle,907277c89b6626ec3a3aeca8cc0840ca9ca905f9d01b195e338a57299a21a6cc,8192,0,0,interior,25000,0.35,0.37,primary
0.020000000000000018,ou_poisson,-0.020000000000000018,2759463143,19,500.0,particle,907277c89b6626ec3a3aeca8cc0840ca9ca905f9d01b195e338a57299a21a6cc,8192,0,0,interior,50000,0.35,0.37,primary
0.020000000000000018,ou_poisson,-0.020000000000000018,2759463143,19,1000.0,particle,907277c89b6626ec3a3aeca8cc0840ca9ca905f9d01b195e338a57299a21a6cc,8192,0,0,interior,100000,0.35,0.37,primary
0.020000000000000018,ou_poisson,-0.020000000000000018,3530393190,19,250.0,particle,907277c89b6626ec3a3aeca8cc0840ca9ca905f9d01b195e338a57299a21a6cc,8192,1,0,interior,25000,0.35,0.37,seed_repeat
0.020000000000000018,ou_poisson,-0.020000000000000018,3530393190,19,500.0,particle,907277c89b6626ec3a3aeca8cc0840ca9ca905f9d01b195e338a57299a21a6cc,8192,1,0,interior,50000,0.35,0.37,seed_repeat
0.020000000000000018,ou_poisson,-0.020000000000000018,3530393190,19,1000.0,particle,907277c89b6626ec3a3aeca8cc0840ca9ca905f9d01b195e338a57299a21a6cc,8192,1,0,interior,100000,0.35,0.37,seed_repeat
0.06999999999999995,ou_poisson,-0.06999999999999995,2759463143,19,250.0,particle,907277c89b6626ec3a3aeca8cc0840ca9ca905f9d01b195e338a57299a21a6cc,16384,0,0,interior,25000,0.30000000000000004,0.37,particle_count
0.030000000000000027,ou_poisson,0.030000000000000027,2759463143,19,500.0,particle,907277c89b6626ec3a3aeca8cc0840ca9ca905f9d01b195e338a57299a21a6cc,16384,0,0,interior,50000,0.4,0.37,particle_count
0.030000000000000027,ou_poisson,0.030000000000000027,2759463143,19,1000.0,particle,907277c89b6626ec3a3aeca8cc0840ca9ca905f9d01b195e338a57299a21a6cc,16384,0,0,interior,100000,0.4,0.37,particle_count
0.0050000000000000044,ou_poisson,0.0050000000000000044,2759463143,37,250.0,particle,907277c89b6626ec3a3aeca8cc0840ca9ca905f9d01b195e338a57299a21a6cc,8192,0,0,interior,25000,0.375,0.37,grid_resolution
0.020000000000000018,ou_poisson,-0.020000000000000018,2759463143,37,500.0,particle,907277c89b6626ec3a3aeca8cc0840ca9ca905f9d01b195e338a57299a21a6cc,8192,0,0,interior,50000,0.35,0.37,grid_resolution
0.020000000000000018,ou_poisson,-0.020000000000000018,2759463143,37,1000.0,particle,907277c89b6626ec3a3aeca8cc0840ca9ca905f9d01b195e338a57299a21a6cc,8192,0,0,interior,100000,0.35,0.37,grid_resolution
0.008719931486424803,ou_poisson,-0.008719931486424803,3115628625,19,250.0,score_root,574aed835afe859adee8b978c3c5eb5ab26e3aab2bf4e056dbbf085482b8c8f5,,0,1,interpolated_root,25000,0.3612800685135752,0.37,primary
0.012530588411489296,ou_poisson,-0.012530588411489296,3115628625,19,500.0,score_root,574aed835afe859adee8b978c3c5eb5ab26e3aab2bf4e056dbbf085482b8c8f5,,0,1,interpolated_root,50000,0.3574694115885107,0.37,primary
0.04078030041827546,ou_poisson,-0.04078030041827546,3115628625,19,1000.0,score_root,574aed835afe859adee8b978c3c5eb5ab26e3aab2bf4e056dbbf085482b8c8f5,,0,1,interpolated_root,100000,0.32921969958172453,0.37,primary
0.010970115890365562,ou_poisson,-0.010970115890365562,54976384,19,250.0,score_root,574aed835afe859adee8b978c3c5eb5ab26e3aab2bf4e056dbbf085482b8c8f5,,1,1,interpolated_root,25000,0.35902988410963443,0.37,seed_repeat
0.0020748092523887873,ou_poisson,0.0020748092523887873,54976384,19,500.0,score_root,574aed835afe859adee8b978c3c5eb5ab26e3aab2bf4e056dbbf085482b8c8f5,,1,1,interpolated_root,50000,0.3720748092523888,0.37,seed_repeat
0.025873301486555533,ou_poisson,-0.025873301486555533,54976384,19,1000.0,score_root,574aed835afe859adee8b978c3c5eb5ab26e3aab2bf4e056dbbf085482b8c8f5,,1,1,interpolated_root,100000,0.34412669851344446,0.37,seed_repeat
0.030000000000000027,ou_poisson,0.030000000000000027,510710742,19,250.0,particle,574aed835afe859adee8b978c3c5eb5ab26e3aab2bf4e056dbbf085482b8c8f5,8192,0,1,interior,25000,0.4,0.37,primary
0.030000000000000027,ou_poisson,0.030000000000000027,510710742,19,500.0,particle,574aed835afe859adee8b978c3c5eb5ab26e3aab2bf4e056dbbf085482b8c8f5,8192,0,1,interior,50000,0.4,0.37,primary
0.020000000000000018,ou_poisson,-0.020000000000000018,510710742,19,1000.0,particle,574aed835afe859adee8b978c3c5eb5ab26e3aab2bf4e056dbbf085482b8c8f5,8192,0,1,interior,100000,0.35,0.37,primary
0.030000000000000027,ou_poisson,0.030000000000000027,1045224400,19,250.0,particle,574aed835afe859adee8b978c3c5eb5ab26e3aab2bf4e056dbbf085482b8c8f5,8192,1,1,interior,25000,0.4,0.37,seed_repeat
0.030000000000000027,ou_poisson,0.030000000000000027,1045224400,19,500.0,particle,574aed835afe859adee8b978c3c5eb5ab26e3aab2bf4e056dbbf085482b8c8f5,8192,1,1,interior,50000,0.4,0.37,seed_repeat
0.030000000000000027,ou_poisson,0.030000000000000027,1045224400,19,1000.0,particle,574aed835afe859adee8b978c3c5eb5ab26e3aab2bf4e056dbbf085482b8c8f5,8192,1,1,interior,100000,0.4,0.37,seed_repeat
0.020000000000000018,ou_poisson,-0.020000000000000018,510710742,19,250.0,particle,574aed835afe859adee8b978c3c5eb5ab26e3aab2bf4e056dbbf085482b8c8f5,16384,0,1,interior,25000,0.35,0.37,particle_count
0.020000000000000018,ou_poisson,-0.020000000000000018,510710742,19,500.0,particle,574aed835afe859adee8b978c3c5eb5ab26e3aab2bf4e056dbbf085482b8c8f5,16384,0,1,interior,50000,0.35,0.37,particle_count
0.020000000000000018,ou_poisson,-0.020000000000000018,510710742,19,1000.0,particle,574aed835afe859adee8b978c3c5eb5ab26e3aab2bf4e056dbbf085482b8c8f5,16384,0,1,interior,100000,0.35,0.37,particle_count
0.030000000000000027,ou_poisson,0.030000000000000027,510710742,37,250.0,particle,574aed835afe859adee8b978c3c5eb5ab26e3aab2bf4e056dbbf085482b8c8f5,8192,0,1,interior,25000,0.4,0.37,grid_resolution
0.030000000000000027,ou_poisson,0.030000000000000027,510710742,37,500.0,particle,574aed835afe859adee8b978c3c5eb5ab26e3aab2bf4e056dbbf085482b8c8f5,8192,0,1,interior,50000,0.4,0.37,grid_resolution
0.044999999999999984,ou_poisson,-0.044999999999999984,510710742,37,1000.0,particle,574aed835afe859adee8b978c3c5eb5ab26e3aab2bf4e056dbbf085482b8c8f5,8192,0,1,interior,100000,0.325,0.37,grid_resolution
0.0933444463067915,ou_poisson,0.0933444463067915,2591882525,19,250.0,score_root,8e77ad21671ddb5c22619219bf4478e24c8c2d539550094df174bb4955ab5d8f,,0,2,interpolated_root,25000,0.4633444463067915,0.37,primary
0.06864247068237983,ou_poisson,0.06864247068237983,2591882525,19,500.0,score_root,8e77ad21671ddb5c22619219bf4478e24c8c2d539550094df174bb4955ab5d8f,,0,2,interpolated_root,50000,0.4386424706823798,0.37,primary
0.06956849645783236,ou_poisson,0.06956849645783236,2591882525,19,1000.0,score_root,8e77ad21671ddb5c22619219bf4478e24c8c2d539550094df174bb4955ab5d8f,,0,2,interpolated_root,100000,0.43956849645783236,0.37,primary
0.07379283287834404,ou_poisson,0.07379283287834404,3266037385,19,250.0,score_root,8e77ad21671ddb5c22619219bf4478e24c8c2d539550094df174bb4955ab5d8f,,1,2,interpolated_root,25000,0.44379283287834403,0.37,seed_repeat
0.0625646897783339,ou_poisson,0.0625646897783339,3266037385,19,500.0,score_root,8e77ad21671ddb5c22619219bf4478e24c8c2d539550094df174bb4955ab5d8f,,1,2,interpolated_root,50000,0.4325646897783339,0.37,seed_repeat
0.05235285466186379,ou_poisson,0.05235285466186379,3266037385,19,1000.0,score_root,8e77ad21671ddb5c22619219bf4478e24c8c2d539550094df174bb4955ab5d8f,,1,2,interpolated_root,100000,0.4223528546618638,0.37,seed_repeat
0.030000000000000027,ou_poisson,0.030000000000000027,3351351150,19,250.0,particle,8e77ad21671ddb5c22619219bf4478e24c8c2d539550094df174bb4955ab5d8f,8192,0,2,interior,25000,0.4,0.37,primary
0.030000000000000027,ou_poisson,0.030000000000000027,3351351150,19,500.0,particle,8e77ad21671ddb5c22619219bf4478e24c8c2d539550094df174bb4955ab5d8f,8192,0,2,interior,50000,0.4,0.37,primary
0.030000000000000027,ou_poisson,0.030000000000000027,3351351150,19,1000.0,particle,8e77ad21671ddb5c22619219bf4478e24c8c2d539550094df174bb4955ab5d8f,8192,0,2,interior,100000,0.4,0.37,primary
0.030000000000000027,ou_poisson,0.030000000000000027,1852254024,19,250.0,particle,8e77ad21671ddb5c22619219bf4478e24c8c2d539550094df174bb4955ab5d8f,8192,1,2,interior,25000,0.4,0.37,seed_repeat
0.08000000000000007,ou_poisson,0.08000000000000007,1852254024,19,500.0,particle,8e77ad21671ddb5c22619219bf4478e24c8c2d539550094df174bb4955ab5d8f,8192,1,2,interior,50000,0.45000000000000007,0.37,seed_repeat
0.030000000000000027,ou_poisson,0.030000000000000027,1852254024,19,1000.0,particle,8e77ad21671ddb5c22619219bf4478e24c8c2d539550094df174bb4955ab5d8f,8192,1,2,interior,100000,0.4,0.37,seed_repeat
0.13,ou_poisson,0.13,3351351150,19,250.0,particle,8e77ad21671ddb5c22619219bf4478e24c8c2d539550094df174bb4955ab5d8f,16384,0,2,interior,25000,0.5,0.37,particle_count
0.030000000000000027,ou_poisson,0.030000000000000027,3351351150,19,500.0,particle,8e77ad21671ddb5c22619219bf4478e24c8c2d539550094df174bb4955ab5d8f,16384,0,2,interior,50000,0.4,0.37,particle_count
0.08000000000000007,ou_poisson,0.08000000000000007,3351351150,19,1000.0,particle,8e77ad21671ddb5c22619219bf4478e24c8c2d539550094df174bb4955ab5d8f,16384,0,2,interior,100000,0.45000000000000007,0.37,particle_count
0.030000000000000027,ou_poisson,0.030000000000000027,3351351150,37,250.0,particle,8e77ad21671ddb5c22619219bf4478e24c8c2d539550094df174bb4955ab5d8f,8192,0,2,interior,25000,0.4,0.37,grid_resolution
0.030000000000000027,ou_poisson,0.030000000000000027,3351351150,37,500.0,particle,8e77ad21671ddb5c22619219bf4478e24c8c2d539550094df174bb4955ab5d8f,8192,0,2,interior,50000,0.4,0.37,grid_resolution
0.05500000000000005,ou_poisson,0.05500000000000005,3351351150,37,1000.0,particle,8e77ad21671ddb5c22619219bf4478e24c8c2d539550094df174bb4955ab5d8f,8192,0,2,interior,100000,0.42500000000000004,0.37,grid_resolution
0.024495337389252636,ou_poisson,-0.024495337389252636,3485245909,19,250.0,score_root,038b30e610ee34ad8d040615abd96b3fdcf7d83e8f4f163658329fdea3233c51,,0,3,interpolated_root,25000,0.34550466261074736,0.37,primary
0.009343665400334156,ou_poisson,0.009343665400334156,3485245909,19,500.0,score_root,038b30e610ee34ad8d040615abd96b3fdcf7d83e8f4f163658329fdea3233c51,,0,3,interpolated_root,50000,0.37934366540033415,0.37,primary
0.03674452951629553,ou_poisson,0.03674452951629553,3485245909,19,1000.0,score_root,038b30e610ee34ad8d040615abd96b3fdcf7d83e8f4f163658329fdea3233c51,,0,3,interpolated_root,100000,0.4067445295162955,0.37,primary
0.01980468358434312,ou_poisson,0.01980468358434312,2957871228,19,250.0,score_root,038b30e610ee34ad8d040615abd96b3fdcf7d83e8f4f163658329fdea3233c51,,1,3,interpolated_root,25000,0.3898046835843431,0.37,seed_repeat
0.026742683646884813,ou_poisson,0.026742683646884813,2957871228,19,500.0,score_root,038b30e610ee34ad8d040615abd96b3fdcf7d83e8f4f163658329fdea3233c51,,1,3,interpolated_root,50000,0.3967426836468848,0.37,seed_repeat
0.03112767263986116,ou_poisson,0.03112767263986116,2957871228,19,1000.0,score_root,038b30e610ee34ad8d040615abd96b3fdcf7d83e8f4f163658329fdea3233c51,,1,3,interpolated_root,100000,0.40112767263986115,0.37,seed_repeat
0.030000000000000027,ou_poisson,0.030000000000000027,3401464453,19,250.0,particle,038b30e610ee34ad8d040615abd96b3fdcf7d83e8f4f163658329fdea3233c51,8192,0,3,interior,25000,0.4,0.37,primary
0.030000000000000027,ou_poisson,0.030000000000000027,3401464453,19,500.0,particle,038b30e610ee34ad8d040615abd96b3fdcf7d83e8f4f163658329fdea3233c51,8192,0,3,interior,50000,0.4,0.37,primary
0.030000000000000027,ou_poisson,0.030000000000000027,3401464453,19,1000.0,particle,038b30e610ee34ad8d040615abd96b3fdcf7d83e8f4f163658329fdea3233c51,8192,0,3,interior,100000,0.4,0.37,primary
0.030000000000000027,ou_poisson,0.030000000000000027,89914615,19,250.0,particle,038b30e610ee34ad8d040615abd96b3fdcf7d83e8f4f163658329fdea3233c51,8192,1,3,interior,25000,0.4,0.37,seed_repeat
0.030000000000000027,ou_poisson,0.030000000000000027,89914615,19,500.0,particle,038b30e610ee34ad8d040615abd96b3fdcf7d83e8f4f163658329fdea3233c51,8192,1,3,interior,50000,0.4,0.37,seed_repeat
0.030000000000000027,ou_poisson,0.030000000000000027,89914615,19,1000.0,particle,038b30e610ee34ad8d040615abd96b3fdcf7d83e8f4f163658329fdea3233c51,8192,1,3,interior,100000,0.4,0.37,seed_repeat
0.06999999999999995,ou_poisson,-0.06999999999999995,3401464453,19,250.0,particle,038b30e610ee34ad8d040615abd96b3fdcf7d83e8f4f163658329fdea3233c51,16384,0,3,interior,25000,0.30000000000000004,0.37,particle_count
0.08000000000000007,ou_poisson,0.08000000000000007,3401464453,19,500.0,particle,038b30e610ee34ad8d040615abd96b3fdcf7d83e8f4f163658329fdea3233c51,16384,0,3,interior,50000,0.45000000000000007,0.37,particle_count
0.08000000000000007,ou_poisson,0.08000000000000007,3401464453,19,1000.0,particle,038b30e610ee34ad8d040615abd96b3fdcf7d83e8f4f163658329fdea3233c51,16384,0,3,interior,100000,0.45000000000000007,0.37,particle_count
0.044999999999999984,ou_poisson,-0.044999999999999984,3401464453,37,250.0,particle,038b30e610ee34ad8d040615abd96b3fdcf7d83e8f4f163658329fdea3233c51,8192,0,3,interior,25000,0.325,0.37,grid_resolution
0.030000000000000027,ou_poisson,0.030000000000000027,3401464453,37,500.0,particle,038b30e610ee34ad8d040615abd96b3fdcf7d83e8f4f163658329fdea3233c51,8192,0,3,interior,50000,0.4,0.37,grid_resolution
0.030000000000000027,ou_poisson,0.030000000000000027,3401464453,37,1000.0,particle,038b30e610ee34ad8d040615abd96b3fdcf7d83e8f4f163658329fdea3233c51,8192,0,3,interior,100000,0.4,0.37,grid_resolution
0.08753518321695203,ou_poisson,0.08753518321695203,867662329,19,250.0,score_root,3e372aa3739f8d064e60fda760e397931e512446f6986a4a077e3f19f4df054f,,0,4,interpolated_root,25000,0.457535183216952,0.37,primary
0.0969440979005437,ou_poisson,0.0969440979005437,867662329,19,500.0,score_root,3e372aa3739f8d064e60fda760e397931e512446f6986a4a077e3f19f4df054f,,0,4,interpolated_root,50000,0.4669440979005437,0.37,primary
0.021670303456308437,ou_poisson,0.021670303456308437,867662329,19,1000.0,score_root,3e372aa3739f8d064e60fda760e397931e512446f6986a4a077e3f19f4df054f,,0,4,interpolated_root,100000,0.39167030345630843,0.37,primary
0.09963385951402154,ou_poisson,0.09963385951402154,1823542514,19,250.0,score_root,3e372aa3739f8d064e60fda760e397931e512446f6986a4a077e3f19f4df054f,,1,4,interpolated_root,25000,0.46963385951402153,0.37,seed_repeat
0.11140084103894338,ou_poisson,0.11140084103894338,1823542514,19,500.0,score_root,3e372aa3739f8d064e60fda760e397931e512446f6986a4a077e3f19f4df054f,,1,4,interpolated_root,50000,0.4814008410389434,0.37,seed_repeat
0.028023128423214694,ou_poisson,0.028023128423214694,1823542514,19,1000.0,score_root,3e372aa3739f8d064e60fda760e397931e512446f6986a4a077e3f19f4df054f,,1,4,interpolated_root,100000,0.3980231284232147,0.37,seed_repeat
0.08000000000000007,ou_poisson,0.08000000000000007,1710758343,19,250.0,particle,3e372aa3739f8d064e60fda760e397931e512446f6986a4a077e3f19f4df054f,8192,0,4,interior,25000,0.45000000000000007,0.37,primary
0.030000000000000027,ou_poisson,0.030000000000000027,1710758343,19,500.0,particle,3e372aa3739f8d064e60fda760e397931e512446f6986a4a077e3f19f4df054f,8192,0,4,interior,50000,0.4,0.37,primary
0.030000000000000027,ou_poisson,0.030000000000000027,1710758343,19,1000.0,particle,3e372aa3739f8d064e60fda760e397931e512446f6986a4a077e3f19f4df054f,8192,0,4,interior,100000,0.4,0.37,primary
0.18000000000000005,ou_poisson,0.18000000000000005,370060524,19,250.0,particle,3e372aa3739f8d064e60fda760e397931e512446f6986a4a077e3f19f4df054f,8192,1,4,interior,25000,0.55,0.37,seed_repeat
0.030000000000000027,ou_poisson,0.030000000000000027,370060524,19,500.0,particle,3e372aa3739f8d064e60fda760e397931e512446f6986a4a077e3f19f4df054f,8192,1,4,interior,50000,0.4,0.37,seed_repeat
0.030000000000000027,ou_poisson,0.030000000000000027,370060524,19,1000.0,particle,3e372aa3739f8d064e60fda760e397931e512446f6986a4a077e3f19f4df054f,8192,1,4,interior,100000,0.4,0.37,seed_repeat
0.13,ou_poisson,0.13,1710758343,19,250.0,particle,3e372aa3739f8d064e60fda760e397931e512446f6986a4a077e3f19f4df054f,16384,0,4,interior,25000,0.5,0.37,particle_count
0.13,ou_poisson,0.13,1710758343,19,500.0,particle,3e372aa3739f8d064e60fda760e397931e512446f6986a4a077e3f19f4df054f,16384,0,4,interior,50000,0.5,0.37,particle_count
0.020000000000000018,ou_poisson,-0.020000000000000018,1710758343,19,1000.0,particle,3e372aa3739f8d064e60fda760e397931e512446f6986a4a077e3f19f4df054f,16384,0,4,interior,100000,0.35,0.37,particle_count
0.05500000000000005,ou_poisson,0.05500000000000005,1710758343,37,250.0,particle,3e372aa3739f8d064e60fda760e397931e512446f6986a4a077e3f19f4df054f,8192,0,4,interior,25000,0.42500000000000004,0.37,grid_resolution
0.10499999999999998,ou_poisson,0.10499999999999998,1710758343,37,500.0,particle,3e372aa3739f8d064e60fda760e397931e512446f6986a4a077e3f19f4df054f,8192,0,4,interior,50000,0.475,0.37,grid_resolution
0.0050000000000000044,ou_poisson,0.0050000000000000044,1710758343,37,1000.0,particle,3e372aa3739f8d064e60fda760e397931e512446f6986a4a077e3f19f4df054f,8192,0,4,interior,100000,0.375,0.37,grid_resolution
0.020053497002682885,ou_poisson,0.020053497002682885,2934898613,19,250.0,score_root,be6c399d25c81ae9d39b10a40e7369946ea3d8531cade9ceb2f89e79e07542e9,,0,5,interpolated_root,25000,0.3900534970026829,0.37,primary
0.011584262359273012,ou_poisson,-0.011584262359273012,2934898613,19,500.0,score_root,be6c399d25c81ae9d39b10a40e7369946ea3d8531cade9ceb2f89e79e07542e9,,0,5,interpolated_root,50000,0.358415737640727,0.37,primary
0.03912000965129431,ou_poisson,-0.03912000965129431,2934898613,19,1000.0,score_root,be6c399d25c81ae9d39b10a40e7369946ea3d8531cade9ceb2f89e79e07542e9,,0,5,interpolated_root,100000,0.3308799903487057,0.37,primary
0.030000000000000027,ou_poisson,0.030000000000000027,2466055251,19,250.0,particle,be6c399d25c81ae9d39b10a40e7369946ea3d8531cade9ceb2f89e79e07542e9,8192,0,5,interior,25000,0.4,0.37,primary
0.030000000000000027,ou_poisson,0.030000000000000027,2466055251,19,500.0,particle,be6c399d25c81ae9d39b10a40e7369946ea3d8531cade9ceb2f89e79e07542e9,8192,0,5,interior,50000,0.4,0.37,primary
0.12,ou_poisson,-0.12,2466055251,19,1000.0,particle,be6c399d25c81ae9d39b10a40e7369946ea3d8531cade9ceb2f89e79e07542e9,8192,0,5,interior,100000,0.25,0.37,primary
0.00943123547848057,ou_poisson,0.00943123547848057,3617601400,19,250.0,score_root,6b7331650ff8626f98593ee72f82dcae4d9c79e615233d805aa1b92f942bb9e4,,0,6,interpolated_root,25000,0.37943123547848057,0.37,primary
0.010035863878515794,ou_poisson,0.010035863878515794,3617601400,19,500.0,score_root,6b7331650ff8626f98593ee72f82dcae4d9c79e615233d805aa1b92f942bb9e4,,0,6,interpolated_root,50000,0.3800358638785158,0.37,primary
0.021091378734536814,ou_poisson,0.021091378734536814,3617601400,19,1000.0,score_root,6b7331650ff8626f98593ee72f82dcae4d9c79e615233d805aa1b92f942bb9e4,,0,6,interpolated_root,100000,0.3910913787345368,0.37,primary
0.030000000000000027,ou_poisson,0.030000000000000027,1897582864,19,250.0,particle,6b7331650ff8626f98593ee72f82dcae4d9c79e615233d805aa1b92f942bb9e4,8192,0,6,interior,25000,0.4,0.37,primary
0.020000000000000018,ou_poisson,-0.020000000000000018,1897582864,19,500.0,particle,6b7331650ff8626f98593ee72f82dcae4d9c79e615233d805aa1b92f942bb9e4,8192,0,6,interior,50000,0.35,0.37,primary
0.020000000000000018,ou_poisson,-0.020000000000000018,1897582864,19,1000.0,particle,6b7331650ff8626f98593ee72f82dcae4d9c79e615233d805aa1b92f942bb9e4,8192,0,6,interior,100000,0.35,0.37,primary
0.039040322207545386,ou_poisson,0.039040322207545386,2515233403,19,250.0,score_root,7c014b3a280a6868d3ffd519da21dcc5e4969d0ef8ec1d221b64355fd9bc5cdb,,0,7,interpolated_root,25000,0.4090403222075454,0.37,primary
0.010743877201101815,ou_poisson,0.010743877201101815,2515233403,19,500.0,score_root,7c014b3a280a6868d3ffd519da21dcc5e4969d0ef8ec1d221b64355fd9bc5cdb,,0,7,interpolated_root,50000,0.3807438772011018,0.37,primary
0.0008266493856621815,ou_poisson,0.0008266493856621815,2515233403,19,1000.0,score_root,7c014b3a280a6868d3ffd519da21dcc5e4969d0ef8ec1d221b64355fd9bc5cdb,,0,7,interpolated_root,100000,0.3708266493856622,0.37,primary
0.020000000000000018,ou_poisson,-0.020000000000000018,3948647503,19,250.0,particle,7c014b3a280a6868d3ffd519da21dcc5e4969d0ef8ec1d221b64355fd9bc5cdb,8192,0,7,interior,25000,0.35,0.37,primary
0.020000000000000018,ou_poisson,-0.020000000000000018,3948647503,19,500.0,particle,7c014b3a280a6868d3ffd519da21dcc5e4969d0ef8ec1d221b64355fd9bc5cdb,8192,0,7,interior,50000,0.35,0.37,primary
0.020000000000000018,ou_poisson,-0.020000000000000018,3948647503,19,1000.0,particle,7c014b3a280a6868d3ffd519da21dcc5e4969d0ef8ec1d221b64355fd9bc5cdb,8192,0,7,interior,100000,0.35,0.37,primary
0.058274047558437236,ou_poisson,0.058274047558437236,3604668790,19,250.0,score_root,66160bae3c804ca867f0dae76ff2c69a2d697da735bb930dc55172d48aed70e5,,0,8,interpolated_root,25000,0.42827404755843723,0.37,primary
0.07860336498914328,ou_poisson,0.07860336498914328,3604668790,19,500.0,score_root,66160bae3c804ca867f0dae76ff2c69a2d697da735bb930dc55172d48aed70e5,,0,8,interpolated_root,50000,0.44860336498914327,0.37,primary
0.028023043842067552,ou_poisson,0.028023043842067552,3604668790,19,1000.0,score_root,66160bae3c804ca867f0dae76ff2c69a2d697da735bb930dc55172d48aed70e5,,0,8,interpolated_root,100000,0.39802304384206755,0.37,primary
0.08000000000000007,ou_poisson,0.08000000000000007,591198635,19,250.0,particle,66160bae3c804ca867f0dae76ff2c69a2d697da735bb930dc55172d48aed70e5,8192,0,8,interior,25000,0.45000000000000007,0.37,primary
0.030000000000000027,ou_poisson,0.030000000000000027,591198635,19,500.0,particle,66160bae3c804ca867f0dae76ff2c69a2d697da735bb930dc55172d48aed70e5,8192,0,8,interior,50000,0.4,0.37,primary
0.030000000000000027,ou_poisson,0.030000000000000027,591198635,19,1000.0,particle,66160bae3c804ca867f0dae76ff2c69a2d697da735bb930dc55172d48aed70e5,8192,0,8,interior,100000,0.4,0.37,primary
0.11826915451712544,ou_poisson,0.11826915451712544,2281257433,19,250.0,score_root,81d56cd45e7211923027d35e6cd431c35737f66a2aa7e36dd6362f127a98855e,,0,9,interpolated_root,25000,0.48826915451712544,0.37,primary
0.06223968292830118,ou_poisson,0.06223968292830118,2281257433,19,500.0,score_root,81d56cd45e7211923027d35e6cd431c35737f66a2aa7e36dd6362f127a98855e,,0,9,interpolated_root,50000,0.43223968292830117,0.37,primary
0.05509490137764278,ou_poisson,0.05509490137764278,2281257433,19,1000.0,score_root,81d56cd45e7211923027d35e6cd431c35737f66a2aa7e36dd6362f127a98855e,,0,9,interpolated_root,100000,0.4250949013776428,0.37,primary
0.18000000000000005,ou_poisson,0.18000000000000005,2028296430,19,250.0,particle,81d56cd45e7211923027d35e6cd431c35737f66a2aa7e36dd6362f127a98855e,8192,0,9,interior,25000,0.55,0.37,primary
0.08000000000000007,ou_poisson,0.08000000000000007,2028296430,19,500.0,particle,81d56cd45e7211923027d35e6cd431c35737f66a2aa7e36dd6362f127a98855e,8192,0,9,interior,50000,0.45000000000000007,0.37,primary
0.08000000000000007,ou_poisson,0.08000000000000007,2028296430,19,1000.0,particle,81d56cd45e7211923027d35e6cd431c35737f66a2aa7e36dd6362f127a98855e,8192,0,9,interior,100000,0.45000000000000007,0.37,primary
0.10128668688579973,ou_poisson,0.10128668688579973,1203738530,19,250.0,score_root,7fe16e74bac61b396a0bc42df987adaccd4d2e212d1545d1e38c780718f5d00a,,0,10,interpolated_root,25000,0.4712866868857997,0.37,primary
0.06946702258840554,ou_poisson,0.06946702258840554,1203738530,19,500.0,score_root,7fe16e74bac61b396a0bc42df987adaccd4d2e212d1545d1e38c780718f5d00a,,0,10,interpolated_root,50000,0.43946702258840553,0.37,primary
0.0163750021436615,ou_poisson,0.0163750021436615,1203738530,19,1000.0,score_root,7fe16e74bac61b396a0bc42df987adaccd4d2e212d1545d1e38c780718f5d00a,,0,10,interpolated_root,100000,0.3863750021436615,0.37,primary
0.13,ou_poisson,0.13,2875384074,19,250.0,particle,7fe16e74bac61b396a0bc42df987adaccd4d2e212d1545d1e38c780718f5d00a,8192,0,10,interior,25000,0.5,0.37,primary
0.030000000000000027,ou_poisson,0.030000000000000027,2875384074,19,500.0,particle,7fe16e74bac61b396a0bc42df987adaccd4d2e212d1545d1e38c780718f5d00a,8192,0,10,interior,50000,0.4,0.37,primary
0.030000000000000027,ou_poisson,0.030000000000000027,2875384074,19,1000.0,particle,7fe16e74bac61b396a0bc42df987adaccd4d2e212d1545d1e38c780718f5d00a,8192,0,10,interior,100000,0.4,0.37,primary
0.020561267877048928,ou_poisson,-0.020561267877048928,2567486584,19,250.0,score_root,0198cf7cd4a01e8b9e217ea9fa76e955d53a7fef705dd9e25da3527415b63424,,0,11,interpolated_root,25000,0.34943873212295107,0.37,primary
0.017333641829033075,ou_poisson,-0.017333641829033075,2567486584,19,500.0,score_root,0198cf7cd4a01e8b9e217ea9fa76e955d53a7fef705dd9e25da3527415b63424,,0,11,interpolated_root,50000,0.3526663581709669,0.37,primary
0.007420746528588706,ou_poisson,0.007420746528588706,2567486584,19,1000.0,score_root,0198cf7cd4a01e8b9e217ea9fa76e955d53a7fef705dd9e25da3527415b63424,,0,11,interpolated_root,100000,0.3774207465285887,0.37,primary
0.020000000000000018,ou_poisson,-0.020000000000000018,3108975998,19,250.0,particle,0198cf7cd4a01e8b9e217ea9fa76e955d53a7fef705dd9e25da3527415b63424,8192,0,11,interior,25000,0.35,0.37,primary
0.030000000000000027,ou_poisson,0.030000000000000027,3108975998,19,500.0,particle,0198cf7cd4a01e8b9e217ea9fa76e955d53a7fef705dd9e25da3527415b63424,8192,0,11,interior,50000,0.4,0.37,primary
0.030000000000000027,ou_poisson,0.030000000000000027,3108975998,19,1000.0,particle,0198cf7cd4a01e8b9e217ea9fa76e955d53a7fef705dd9e25da3527415b63424,8192,0,11,interior,100000,0.4,0.37,primary
0.010169279733246939,ou_poisson,-0.010169279733246939,3774228746,19,250.0,score_root,58f947d4b926b6322daf1ac8ccaae748ec0aa752c33a9ce553883f44180cb503,,0,12,interpolated_root,25000,0.35983072026675306,0.37,primary
0.012235102557889677,ou_poisson,-0.012235102557889677,3774228746,19,500.0,score_root,58f947d4b926b6322daf1ac8ccaae748ec0aa752c33a9ce553883f44180cb503,,0,12,interpolated_root,50000,0.3577648974421103,0.37,primary
0.016456515543314065,ou_poisson,0.016456515543314065,3774228746,19,1000.0,score_root,58f947d4b926b6322daf1ac8ccaae748ec0aa752c33a9ce553883f44180cb503,,0,12,interpolated_root,100000,0.38645651554331406,0.37,primary
0.020000000000000018,ou_poisson,-0.020000000000000018,2919179715,19,250.0,particle,58f947d4b926b6322daf1ac8ccaae748ec0aa752c33a9ce553883f44180cb503,8192,0,12,interior,25000,0.35,0.37,primary
0.020000000000000018,ou_poisson,-0.020000000000000018,2919179715,19,500.0,particle,58f947d4b926b6322daf1ac8ccaae748ec0aa752c33a9ce553883f44180cb503,8192,0,12,interior,50000,0.35,0.37,primary
0.020000000000000018,ou_poisson,-0.020000000000000018,2919179715,19,1000.0,particle,58f947d4b926b6322daf1ac8ccaae748ec0aa752c33a9ce553883f44180cb503,8192,0,12,interior,100000,0.35,0.37,primary
0.021323683176615815,ou_poisson,-0.021323683176615815,3132705391,19,250.0,score_root,7fbe363cab46e7c9c606bc446d67cb161a131f26fe464e55a73df1ca39045c29,,0,13,interpolated_root,25000,0.3486763168233842,0.37,primary
0.02695384255633726,ou_poisson,-0.02695384255633726,3132705391,19,500.0,score_root,7fbe363cab46e7c9c606bc446d67cb161a131f26fe464e55a73df1ca39045c29,,0,13,interpolated_root,50000,0.34304615744366274,0.37,primary
0.0026529393350031016,ou_poisson,-0.0026529393350031016,3132705391,19,1000.0,score_root,7fbe363cab46e7c9c606bc446d67cb161a131f26fe464e55a73df1ca39045c29,,0,13,interpolated_root,100000,0.3673470606649969,0.37,primary
0.020000000000000018,ou_poisson,-0.020000000000000018,2608180073,19,250.0,particle,7fbe363cab46e7c9c606bc446d67cb161a131f26fe464e55a73df1ca39045c29,8192,0,13,interior,25000,0.35,0.37,primary
0.020000000000000018,ou_poisson,-0.020000000000000018,2608180073,19,500.0,particle,7fbe363cab46e7c9c606bc446d67cb161a131f26fe464e55a73df1ca39045c29,8192,0,13,interior,50000,0.35,0.37,primary
0.020000000000000018,ou_poisson,-0.020000000000000018,2608180073,19,1000.0,particle,7fbe363cab46e7c9c606bc446d67cb161a131f26fe464e55a73df1ca39045c29,8192,0,13,interior,100000,0.35,0.37,primary
0.030957081825074673,ou_poisson,-0.030957081825074673,3829917112,19,250.0,score_root,96dd1333cdb7cb928f49a1360666b7d51fe23c0b568446a4995ed85317b25b3d,,0,14,interpolated_root,25000,0.3390429181749253,0.37,primary
0.04844692178250426,ou_poisson,-0.04844692178250426,3829917112,19,500.0,score_root,96dd1333cdb7cb928f49a1360666b7d51fe23c0b568446a4995ed85317b25b3d,,0,14,interpolated_root,50000,0.32155307821749574,0.37,primary
0.031083650369229443,ou_poisson,-0.031083650369229443,3829917112,19,1000.0,score_root,96dd1333cdb7cb928f49a1360666b7d51fe23c0b568446a4995ed85317b25b3d,,0,14,interpolated_root,100000,0.33891634963077055,0.37,primary
0.020000000000000018,ou_poisson,-0.020000000000000018,1637266822,19,250.0,particle,96dd1333cdb7cb928f49a1360666b7d51fe23c0b568446a4995ed85317b25b3d,8192,0,14,interior,25000,0.35,0.37,primary
0.12,ou_poisson,-0.12,1637266822,19,500.0,particle,96dd1333cdb7cb928f49a1360666b7d51fe23c0b568446a4995ed85317b25b3d,8192,0,14,interior,50000,0.25,0.37,primary
0.030000000000000027,ou_poisson,0.030000000000000027,1637266822,19,1000.0,particle,96dd1333cdb7cb928f49a1360666b7d51fe23c0b568446a4995ed85317b25b3d,8192,0,14,interior,100000,0.4,0.37,primary
0.023824204118419123,ou_poisson,0.023824204118419123,175384613,19,250.0,score_root,47f36e406cbcd049ac2d43a4013170324ed3ce689a6bdbc56f58fcfbc3cba946,,0,15,interpolated_root,25000,0.3938242041184191,0.37,primary
0.00934840903225359,ou_poisson,-0.00934840903225359,175384613,19,500.0,score_root,47f36e406cbcd049ac2d43a4013170324ed3ce689a6bdbc56f58fcfbc3cba946,,0,15,interpolated_root,50000,0.3606515909677464,0.37,primary
0.0014021342446253193,ou_poisson,-0.0014021342446253193,175384613,19,1000.0,score_root,47f36e406cbcd049ac2d43a4013170324ed3ce689a6bdbc56f58fcfbc3cba946,,0,15,interpolated_root,100000,0.3685978657553747,0.37,primary
0.020000000000000018,ou_poisson,-0.020000000000000018,2587457832,19,250.0,particle,47f36e406cbcd049ac2d43a4013170324ed3ce689a6bdbc56f58fcfbc3cba946,8192,0,15,interior,25000,0.35,0.37,primary
0.06999999999999995,ou_poisson,-0.06999999999999995,2587457832,19,500.0,particle,47f36e406cbcd049ac2d43a4013170324ed3ce689a6bdbc56f58fcfbc3cba946,8192,0,15,interior,50000,0.30000000000000004,0.37,primary
0.020000000000000018,ou_poisson,-0.020000000000000018,2587457832,19,1000.0,particle,47f36e406cbcd049ac2d43a4013170324ed3ce689a6bdbc56f58fcfbc3cba946,8192,0,15,interior,100000,0.35,0.37,primary
0.05003516364098659,ou_poisson,0.05003516364098659,1513620081,19,250.0,score_root,69f42b0d5341a5ba3f13508c3820953f86c7282ef496c04deb916920b1a28675,,0,16,interpolated_root,25000,0.4200351636409866,0.37,primary
0.037376661106665376,ou_poisson,0.037376661106665376,1513620081,19,500.0,score_root,69f42b0d5341a5ba3f13508c3820953f86c7282ef496c04deb916920b1a28675,,0,16,interpolated_root,50000,0.40737666110666537,0.37,primary
0.02470783693291917,ou_poisson,0.02470783693291917,1513620081,19,1000.0,score_root,69f42b0d5341a5ba3f13508c3820953f86c7282ef496c04deb916920b1a28675,,0,16,interpolated_root,100000,0.39470783693291916,0.37,primary
0.13,ou_poisson,0.13,1975089435,19,250.0,particle,69f42b0d5341a5ba3f13508c3820953f86c7282ef496c04deb916920b1a28675,8192,0,16,interior,25000,0.5,0.37,primary
0.030000000000000027,ou_poisson,0.030000000000000027,1975089435,19,500.0,particle,69f42b0d5341a5ba3f13508c3820953f86c7282ef496c04deb916920b1a28675,8192,0,16,interior,50000,0.4,0.37,primary
0.030000000000000027,ou_poisson,0.030000000000000027,1975089435,19,1000.0,particle,69f42b0d5341a5ba3f13508c3820953f86c7282ef496c04deb916920b1a28675,8192,0,16,interior,100000,0.4,0.37,primary
0.08227487090053742,ou_poisson,-0.08227487090053742,2725075345,19,250.0,score_root,c5cf22f48f6e7cbe313853b8a2f6ba00930a37b96ab3c152b50d01cfb9857fac,,0,17,interpolated_root,25000,0.2877251290994626,0.37,primary
0.06167673415577046,ou_poisson,-0.06167673415577046,2725075345,19,500.0,score_root,c5cf22f48f6e7cbe313853b8a2f6ba00930a37b96ab3c152b50d01cfb9857fac,,0,17,interpolated_root,50000,0.30832326584422953,0.37,primary
0.03512932999642765,ou_poisson,-0.03512932999642765,2725075345,19,1000.0,score_root,c5cf22f48f6e7cbe313853b8a2f6ba00930a37b96ab3c152b50d01cfb9857fac,,0,17,interpolated_root,100000,0.33487067000357235,0.37,primary
0.06999999999999995,ou_poisson,-0.06999999999999995,2046116254,19,250.0,particle,c5cf22f48f6e7cbe313853b8a2f6ba00930a37b96ab3c152b50d01cfb9857fac,8192,0,17,interior,25000,0.30000000000000004,0.37,primary
0.06999999999999995,ou_poisson,-0.06999999999999995,2046116254,19,500.0,particle,c5cf22f48f6e7cbe313853b8a2f6ba00930a37b96ab3c152b50d01cfb9857fac,8192,0,17,interior,50000,0.30000000000000004,0.37,primary
0.06999999999999995,ou_poisson,-0.06999999999999995,2046116254,19,1000.0,particle,c5cf22f48f6e7cbe313853b8a2f6ba00930a37b96ab3c152b50d01cfb9857fac,8192,0,17,interior,100000,0.30000000000000004,0.37,primary
0.0827265891646069,ou_poisson,-0.0827265891646069,106174955,19,250.0,score_root,8faba24ead4e175d72077126e00fcf3211cbff3c9717eb8acadd9a88825282f8,,0,18,interpolated_root,25000,0.2872734108353931,0.37,primary
0.023604351630937825,ou_poisson,-0.023604351630937825,106174955,19,500.0,score_root,8faba24ead4e175d72077126e00fcf3211cbff3c9717eb8acadd9a88825282f8,,0,18,interpolated_root,50000,0.34639564836906217,0.37,primary
0.002493316619972319,ou_poisson,-0.002493316619972319,106174955,19,1000.0,score_root,8faba24ead4e175d72077126e00fcf3211cbff3c9717eb8acadd9a88825282f8,,0,18,interpolated_root,100000,0.3675066833800277,0.37,primary
0.020000000000000018,ou_poisson,-0.020000000000000018,2588067104,19,250.0,particle,8faba24ead4e175d72077126e00fcf3211cbff3c9717eb8acadd9a88825282f8,8192,0,18,interior,25000,0.35,0.37,primary
0.020000000000000018,ou_poisson,-0.020000000000000018,2588067104,19,500.0,particle,8faba24ead4e175d72077126e00fcf3211cbff3c9717eb8acadd9a88825282f8,8192,0,18,interior,50000,0.35,0.37,primary
0.020000000000000018,ou_poisson,-0.020000000000000018,2588067104,19,1000.0,particle,8faba24ead4e175d72077126e00fcf3211cbff3c9717eb8acadd9a88825282f8,8192,0,18,interior,100000,0.35,0.37,primary
0.034375578781535354,ou_poisson,-0.034375578781535354,2750625764,19,250.0,score_root,18bc2f1a845931d68cb65063c70e8289751ed1eecd357d7ef252d744119b44f8,,0,19,interpolated_root,25000,0.33562442121846464,0.37,primary
0.012915669776414285,ou_poisson,0.012915669776414285,2750625764,19,500.0,score_root,18bc2f1a845931d68cb65063c70e8289751ed1eecd357d7ef252d744119b44f8,,0,19,interpolated_root,50000,0.3829156697764143,0.37,primary
0.003070931143110689,ou_poisson,-0.003070931143110689,2750625764,19,1000.0,score_root,18bc2f1a845931d68cb65063c70e8289751ed1eecd357d7ef252d744119b44f8,,0,19,interpolated_root,100000,0.3669290688568893,0.37,primary
0.12,ou_poisson,-0.12,3826158952,19,250.0,particle,18bc2f1a845931d68cb65063c70e8289751ed1eecd357d7ef252d744119b44f8,8192,0,19,interior,25000,0.25,0.37,primary
0.020000000000000018,ou_poisson,-0.020000000000000018,3826158952,19,500.0,particle,18bc2f1a845931d68cb65063c70e8289751ed1eecd357d7ef252d744119b44f8,8192,0,19,interior,50000,0.35,0.37,primary
0.020000000000000018,ou_poisson,-0.020000000000000018,3826158952,19,1000.0,particle,18bc2f1a845931d68cb65063c70e8289751ed1eecd357d7ef252d744119b44f8,8192,0,19,interior,100000,0.35,0.37,primary
0.03301865771374829,ou_poisson,-0.03301865771374829,4070416947,19,250.0,score_root,10178d7bfcbaf70080c0d4991d206ad50d32ee73b814e878aec61c9deb6a347f,,0,20,interpolated_root,25000,0.3369813422862517,0.37,primary
0.006978129990386939,ou_poisson,0.006978129990386939,4070416947,19,500.0,score_root,10178d7bfcbaf70080c0d4991d206ad50d32ee73b814e878aec61c9deb6a347f,,0,20,interpolated_root,50000,0.37697812999038693,0.37,primary
0.003016567426680661,ou_poisson,-0.003016567426680661,4070416947,19,1000.0,score_root,10178d7bfcbaf70080c0d4991d206ad50d32ee73b814e878aec61c9deb6a347f,,0,20,interpolated_root,100000,0.36698343257331933,0.37,primary
0.020000000000000018,ou_poisson,-0.020000000000000018,1108996375,19,250.0,particle,10178d7bfcbaf70080c0d4991d206ad50d32ee73b814e878aec61c9deb6a347f,8192,0,20,interior,25000,0.35,0.37,primary
0.030000000000000027,ou_poisson,0.030000000000000027,1108996375,19,500.0,particle,10178d7bfcbaf70080c0d4991d206ad50d32ee73b814e878aec61c9deb6a347f,8192,0,20,interior,50000,0.4,0.37,primary
0.030000000000000027,ou_poisson,0.030000000000000027,1108996375,19,1000.0,particle,10178d7bfcbaf70080c0d4991d206ad50d32ee73b814e878aec61c9deb6a347f,8192,0,20,interior,100000,0.4,0.37,primary
0.013410410760733515,ou_poisson,-0.013410410760733515,757488622,19,250.0,score_root,a86cbaacbb330345497ad30beae58a098d264721d888fc077655903b9be25107,,0,21,interpolated_root,25000,0.3565895892392665,0.37,primary
0.021980281454837047,ou_poisson,0.021980281454837047,757488622,19,500.0,score_root,a86cbaacbb330345497ad30beae58a098d264721d888fc077655903b9be25107,,0,21,interpolated_root,50000,0.39198028145483704,0.37,primary
0.004868960278734624,ou_poisson,0.004868960278734624,757488622,19,1000.0,score_root,a86cbaacbb330345497ad30beae58a098d264721d888fc077655903b9be25107,,0,21,interpolated_root,100000,0.3748689602787346,0.37,primary
0.020000000000000018,ou_poisson,-0.020000000000000018,3440870971,19,250.0,particle,a86cbaacbb330345497ad30beae58a098d264721d888fc077655903b9be25107,8192,0,21,interior,25000,0.35,0.37,primary
0.020000000000000018,ou_poisson,-0.020000000000000018,3440870971,19,500.0,particle,a86cbaacbb330345497ad30beae58a098d264721d888fc077655903b9be25107,8192,0,21,interior,50000,0.35,0.37,primary
0.020000000000000018,ou_poisson,-0.020000000000000018,3440870971,19,1000.0,particle,a86cbaacbb330345497ad30beae58a098d264721d888fc077655903b9be25107,8192,0,21,interior,100000,0.35,0.37,primary
0.0936930795838457,ou_poisson,0.0936930795838457,3344436376,19,250.0,score_root,8e288712a8f4a3e31836da54c957e27ec4f3ee615d419a7f3b1acf729dc5d079,,0,22,interpolated_root,25000,0.4636930795838457,0.37,primary
0.043655421486985146,ou_poisson,0.043655421486985146,3344436376,19,500.0,score_root,8e288712a8f4a3e31836da54c957e27ec4f3ee615d419a7f3b1acf729dc5d079,,0,22,interpolated_root,50000,0.41365542148698514,0.37,primary
0.0011216642538119936,ou_poisson,0.0011216642538119936,3344436376,19,1000.0,score_root,8e288712a8f4a3e31836da54c957e27ec4f3ee615d419a7f3b1acf729dc5d079,,0,22,interpolated_root,100000,0.371121664253812,0.37,primary
0.18000000000000005,ou_poisson,0.18000000000000005,3672657280,19,250.0,particle,8e288712a8f4a3e31836da54c957e27ec4f3ee615d419a7f3b1acf729dc5d079,8192,0,22,interior,25000,0.55,0.37,primary
0.030000000000000027,ou_poisson,0.030000000000000027,3672657280,19,500.0,particle,8e288712a8f4a3e31836da54c957e27ec4f3ee615d419a7f3b1acf729dc5d079,8192,0,22,interior,50000,0.4,0.37,primary
0.030000000000000027,ou_poisson,0.030000000000000027,3672657280,19,1000.0,particle,8e288712a8f4a3e31836da54c957e27ec4f3ee615d419a7f3b1acf729dc5d079,8192,0,22,interior,100000,0.4,0.37,primary
0.053862389199110905,ou_poisson,0.053862389199110905,2146649724,19,250.0,score_root,a4ccfbb10bddd4288d671a5a9d15c1cdabbb19f79abfdbcd3dbbda34be5c48aa,,0,23,interpolated_root,25000,0.4238623891991109,0.37,primary
0.031576767285180274,ou_poisson,0.031576767285180274,2146649724,19,500.0,score_root,a4ccfbb10bddd4288d671a5a9d15c1cdabbb19f79abfdbcd3dbbda34be5c48aa,,0,23,interpolated_root,50000,0.40157676728518027,0.37,primary
0.01774919035629663,ou_poisson,0.01774919035629663,2146649724,19,1000.0,score_root,a4ccfbb10bddd4288d671a5a9d15c1cdabbb19f79abfdbcd3dbbda34be5c48aa,,0,23,interpolated_root,100000,0.3877491903562966,0.37,primary
0.020000000000000018,ou_poisson,-0.020000000000000018,4034459600,19,250.0,particle,a4ccfbb10bddd4288d671a5a9d15c1cdabbb19f79abfdbcd3dbbda34be5c48aa,8192,0,23,interior,25000,0.35,0.37,primary
0.020000000000000018,ou_poisson,-0.020000000000000018,4034459600,19,500.0,particle,a4ccfbb10bddd4288d671a5a9d15c1cdabbb19f79abfdbcd3dbbda34be5c48aa,8192,0,23,interior,50000,0.35,0.37,primary
0.020000000000000018,ou_poisson,-0.020000000000000018,4034459600,19,1000.0,particle,a4ccfbb10bddd4288d671a5a9d15c1cdabbb19f79abfdbcd3dbbda34be5c48aa,8192,0,23,interior,100000,0.35,0.37,primary
0.070642676562507,ou_poisson,0.070642676562507,10814661,19,250.0,score_root,a74e9c1777c50f17f312011d7e000b6ba3a2544fbd6d108c794989eb59d5bc2e,,0,24,interpolated_root,25000,0.440642676562507,0.37,primary
0.008764714920275085,ou_poisson,-0.008764714920275085,10814661,19,500.0,score_root,a74e9c1777c50f17f312011d7e000b6ba3a2544fbd6d108c794989eb59d5bc2e,,0,24,interpolated_root,50000,0.3612352850797249,0.37,primary
0.011426360480433162,ou_poisson,0.011426360480433162,10814661,19,1000.0,score_root,a74e9c1777c50f17f312011d7e000b6ba3a2544fbd6d108c794989eb59d5bc2e,,0,24,interpolated_root,100000,0.38142636048043316,0.37,primary
0.08000000000000007,ou_poisson,0.08000000000000007,3313753900,19,250.0,particle,a74e9c1777c50f17f312011d7e000b6ba3a2544fbd6d108c794989eb59d5bc2e,8192,0,24,interior,25000,0.45000000000000007,0.37,primary
0.020000000000000018,ou_poisson,-0.020000000000000018,3313753900,19,500.0,particle,a74e9c1777c50f17f312011d7e000b6ba3a2544fbd6d108c794989eb59d5bc2e,8192,0,24,interior,50000,0.35,0.37,primary
0.020000000000000018,ou_poisson,-0.020000000000000018,3313753900,19,1000.0,particle,a74e9c1777c50f17f312011d7e000b6ba3a2544fbd6d108c794989eb59d5bc2e,8192,0,24,interior,100000,0.35,0.37,primary
0.09981452085301157,ou_poisson,0.09981452085301157,4119742463,19,250.0,score_root,7c3ba810e4f71c601faba3219e8d9e43a57ed826150b38391bc20b10bbb9940d,,0,25,interpolated_root,25000,0.46981452085301156,0.37,primary
0.05300225487367621,ou_poisson,0.05300225487367621,4119742463,19,500.0,score_root,7c3ba810e4f71c601faba3219e8d9e43a57ed826150b38391bc20b10bbb9940d,,0,25,interpolated_root,50000,0.4230022548736762,0.37,primary
0.021230188747755008,ou_poisson,0.021230188747755008,4119742463,19,1000.0,score_root,7c3ba810e4f71c601faba3219e8d9e43a57ed826150b38391bc20b10bbb9940d,,0,25,interpolated_root,100000,0.391230188747755,0.37,primary
0.13,ou_poisson,0.13,1895729390,19,250.0,particle,7c3ba810e4f71c601faba3219e8d9e43a57ed826150b38391bc20b10bbb9940d,8192,0,25,interior,25000,0.5,0.37,primary
0.08000000000000007,ou_poisson,0.08000000000000007,1895729390,19,500.0,particle,7c3ba810e4f71c601faba3219e8d9e43a57ed826150b38391bc20b10bbb9940d,8192,0,25,interior,50000,0.45000000000000007,0.37,primary
0.08000000000000007,ou_poisson,0.08000000000000007,1895729390,19,1000.0,particle,7c3ba810e4f71c601faba3219e8d9e43a57ed826150b38391bc20b10bbb9940d,8192,0,25,interior,100000,0.45000000000000007,0.37,primary
0.03786309015830236,ou_poisson,0.03786309015830236,2461034508,19,250.0,score_root,b8355c153fbc71a6f80765069f2aea94001dd3c3d9b4a859cd5ef31f9aeca082,,0,26,interpolated_root,25000,0.40786309015830235,0.37,primary
0.015695904155273,ou_poisson,0.015695904155273,2461034508,19,500.0,score_root,b8355c153fbc71a6f80765069f2aea94001dd3c3d9b4a859cd5ef31f9aeca082,,0,26,interpolated_root,50000,0.385695904155273,0.37,primary
0.007139854411822244,ou_poisson,0.007139854411822244,2461034508,19,1000.0,score_root,b8355c153fbc71a6f80765069f2aea94001dd3c3d9b4a859cd5ef31f9aeca082,,0,26,interpolated_root,100000,0.37713985441182224,0.37,primary
0.030000000000000027,ou_poisson,0.030000000000000027,1464502316,19,250.0,particle,b8355c153fbc71a6f80765069f2aea94001dd3c3d9b4a859cd5ef31f9aeca082,8192,0,26,interior,25000,0.4,0.37,primary
0.08000000000000007,ou_poisson,0.08000000000000007,1464502316,19,500.0,particle,b8355c153fbc71a6f80765069f2aea94001dd3c3d9b4a859cd5ef31f9aeca082,8192,0,26,interior,50000,0.45000000000000007,0.37,primary
0.030000000000000027,ou_poisson,0.030000000000000027,1464502316,19,1000.0,particle,b8355c153fbc71a6f80765069f2aea94001dd3c3d9b4a859cd5ef31f9aeca082,8192,0,26,interior,100000,0.4,0.37,primary
0.009222764078954948,ou_poisson,-0.009222764078954948,148697013,19,250.0,score_root,91b4ef60eb684b9b47d8d77816e492b7c8fe23109d4745b4242f5b326411b133,,0,27,interpolated_root,25000,0.36077723592104505,0.37,primary
0.020607675651091395,ou_poisson,-0.020607675651091395,148697013,19,500.0,score_root,91b4ef60eb684b9b47d8d77816e492b7c8fe23109d4745b4242f5b326411b133,,0,27,interpolated_root,50000,0.3493923243489086,0.37,primary
0.004369839620243232,ou_poisson,-0.004369839620243232,148697013,19,1000.0,score_root,91b4ef60eb684b9b47d8d77816e492b7c8fe23109d4745b4242f5b326411b133,,0,27,interpolated_root,100000,0.36563016037975676,0.37,primary
0.06999999999999995,ou_poisson,-0.06999999999999995,857778649,19,250.0,particle,91b4ef60eb684b9b47d8d77816e492b7c8fe23109d4745b4242f5b326411b133,8192,0,27,interior,25000,0.30000000000000004,0.37,primary
0.06999999999999995,ou_poisson,-0.06999999999999995,857778649,19,500.0,particle,91b4ef60eb684b9b47d8d77816e492b7c8fe23109d4745b4242f5b326411b133,8192,0,27,interior,50000,0.30000000000000004,0.37,primary
0.06999999999999995,ou_poisson,-0.06999999999999995,857778649,19,1000.0,particle,91b4ef60eb684b9b47d8d77816e492b7c8fe23109d4745b4242f5b326411b133,8192,0,27,interior,100000,0.30000000000000004,0.37,primary
0.028884862224654084,ou_poisson,-0.028884862224654084,2969375718,19,250.0,score_root,47856fb6dfcadc18feef6fde134a56c656f3364b1bcd3590ebfe2121e0b38976,,0,28,interpolated_root,25000,0.3411151377753459,0.37,primary
0.007822264006897617,ou_poisson,-0.007822264006897617,2969375718,19,500.0,score_root,47856fb6dfcadc18feef6fde134a56c656f3364b1bcd3590ebfe2121e0b38976,,0,28,interpolated_root,50000,0.3621777359931024,0.37,primary
0.006497428753648393,ou_poisson,0.006497428753648393,2969375718,19,1000.0,score_root,47856fb6dfcadc18feef6fde134a56c656f3364b1bcd3590ebfe2121e0b38976,,0,28,interpolated_root,100000,0.3764974287536484,0.37,primary
0.12,ou_poisson,-0.12,1879132402,19,250.0,particle,47856fb6dfcadc18feef6fde134a56c656f3364b1bcd3590ebfe2121e0b38976,8192,0,28,interior,25000,0.25,0.37,primary
0.08000000000000007,ou_poisson,0.08000000000000007,1879132402,19,500.0,particle,47856fb6dfcadc18feef6fde134a56c656f3364b1bcd3590ebfe2121e0b38976,8192,0,28,interior,50000,0.45000000000000007,0.37,primary
0.08000000000000007,ou_poisson,0.08000000000000007,1879132402,19,1000.0,particle,47856fb6dfcadc18feef6fde134a56c656f3364b1bcd3590ebfe2121e0b38976,8192,0,28,interior,100000,0.45000000000000007,0.37,primary
0.025654663754881513,ou_poisson,-0.025654663754881513,1011984808,19,250.0,score_root,a5e440082122d0c40a78161d2006d37c5e3dc1678e283040ed205788b4ef916f,,0,29,interpolated_root,25000,0.3443453362451185,0.37,primary
0.03411980890486693,ou_poisson,0.03411980890486693,1011984808,19,500.0,score_root,a5e440082122d0c40a78161d2006d37c5e3dc1678e283040ed205788b4ef916f,,0,29,interpolated_root,50000,0.40411980890486693,0.37,primary
0.03437713639943063,ou_poisson,0.03437713639943063,1011984808,19,1000.0,score_root,a5e440082122d0c40a78161d2006d37c5e3dc1678e283040ed205788b4ef916f,,0,29,interpolated_root,100000,0.4043771363994306,0.37,primary
0.020000000000000018,ou_poisson,-0.020000000000000018,2899284743,19,250.0,particle,a5e440082122d0c40a78161d2006d37c5e3dc1678e283040ed205788b4ef916f,8192,0,29,interior,25000,0.35,0.37,primary
0.030000000000000027,ou_poisson,0.030000000000000027,2899284743,19,500.0,particle,a5e440082122d0c40a78161d2006d37c5e3dc1678e283040ed205788b4ef916f,8192,0,29,interior,50000,0.4,0.37,primary
0.030000000000000027,ou_poisson,0.030000000000000027,2899284743,19,1000.0,particle,a5e440082122d0c40a78161d2006d37c5e3dc1678e283040ed205788b4ef916f,8192,0,29,interior,100000,0.4,0.37,primary
0.07237306944535926,ou_poisson,0.07237306944535926,3074583674,19,250.0,score_root,faf1cdcd6c10e1458a782d9a10c74bcc170f58192c9af14266daf97227be471e,,0,30,interpolated_root,25000,0.44237306944535926,0.37,primary
0.057377381186674736,ou_poisson,0.057377381186674736,3074583674,19,500.0,score_root,faf1cdcd6c10e1458a782d9a10c74bcc170f58192c9af14266daf97227be471e,,0,30,interpolated_root,50000,0.42737738118667473,0.37,primary
0.02363646453253898,ou_poisson,0.02363646453253898,3074583674,19,1000.0,score_root,faf1cdcd6c10e1458a782d9a10c74bcc170f58192c9af14266daf97227be471e,,0,30,interpolated_root,100000,0.393636464532539,0.37,primary
0.08000000000000007,ou_poisson,0.08000000000000007,1990519155,19,250.0,particle,faf1cdcd6c10e1458a782d9a10c74bcc170f58192c9af14266daf97227be471e,8192,0,30,interior,25000,0.45000000000000007,0.37,primary
0.08000000000000007,ou_poisson,0.08000000000000007,1990519155,19,500.0,particle,faf1cdcd6c10e1458a782d9a10c74bcc170f58192c9af14266daf97227be471e,8192,0,30,interior,50000,0.45000000000000007,0.37,primary
0.020000000000000018,ou_poisson,-0.020000000000000018,1990519155,19,1000.0,particle,faf1cdcd6c10e1458a782d9a10c74bcc170f58192c9af14266daf97227be471e,8192,0,30,interior,100000,0.35,0.37,primary
0.044342704815545864,ou_poisson,0.044342704815545864,3023093291,19,250.0,score_root,6a8dbd03ef95d303e68a883b917b410c5704b1ab4c67e9f7fa8af81ba990518c,,0,31,interpolated_root,25000,0.41434270481554586,0.37,primary
0.024927142909817734,ou_poisson,-0.024927142909817734,3023093291,19,500.0,score_root,6a8dbd03ef95d303e68a883b917b410c5704b1ab4c67e9f7fa8af81ba990518c,,0,31,interpolated_root,50000,0.34507285709018226,0.37,primary
0.007868228920240583,ou_poisson,-0.007868228920240583,3023093291,19,1000.0,score_root,6a8dbd03ef95d303e68a883b917b410c5704b1ab4c67e9f7fa8af81ba990518c,,0,31,interpolated_root,100000,0.3621317710797594,0.37,primary
0.030000000000000027,ou_poisson,0.030000000000000027,3852048930,19,250.0,particle,6a8dbd03ef95d303e68a883b917b410c5704b1ab4c67e9f7fa8af81ba990518c,8192,0,31,interior,25000,0.4,0.37,primary
0.020000000000000018,ou_poisson,-0.020000000000000018,3852048930,19,500.0,particle,6a8dbd03ef95d303e68a883b917b410c5704b1ab4c67e9f7fa8af81ba990518c,8192,0,31,interior,50000,0.35,0.37,primary
0.020000000000000018,ou_poisson,-0.020000000000000018,3852048930,19,1000.0,particle,6a8dbd03ef95d303e68a883b917b410c5704b1ab4c67e9f7fa8af81ba990518c,8192,0,31,interior,100000,0.35,0.37,primary
0.028407441429340208,ou_poisson,-0.028407441429340208,26847906,19,250.0,score_root,5b4a1b688a144a2caefd674d95d3ca819c2d175cba6bf67978ab820f8ae4a090,,0,32,interpolated_root,25000,0.3415925585706598,0.37,primary
0.04242213744505691,ou_poisson,0.04242213744505691,26847906,19,500.0,score_root,5b4a1b688a144a2caefd674d95d3ca819c2d175cba6bf67978ab820f8ae4a090,,0,32,interpolated_root,50000,0.4124221374450569,0.37,primary
0.017322011175355256,ou_poisson,0.017322011175355256,26847906,19,1000.0,score_root,5b4a1b688a144a2caefd674d95d3ca819c2d175cba6bf67978ab820f8ae4a090,,0,32,interpolated_root,100000,0.38732201117535525,0.37,primary
0.020000000000000018,ou_poisson,-0.020000000000000018,2770378046,19,250.0,particle,5b4a1b688a144a2caefd674d95d3ca819c2d175cba6bf67978ab820f8ae4a090,8192,0,32,interior,25000,0.35,0.37,primary
0.030000000000000027,ou_poisson,0.030000000000000027,2770378046,19,500.0,particle,5b4a1b688a144a2caefd674d95d3ca819c2d175cba6bf67978ab820f8ae4a090,8192,0,32,interior,50000,0.4,0.37,primary
0.030000000000000027,ou_poisson,0.030000000000000027,2770378046,19,1000.0,particle,5b4a1b688a144a2caefd674d95d3ca819c2d175cba6bf67978ab820f8ae4a090,8192,0,32,interior,100000,0.4,0.37,primary
0.08038470588878899,ou_poisson,-0.08038470588878899,1115610785,19,250.0,score_root,6dd31ac83001d56849fd7dac0cf07e60461d3162b52507b16c07e8c39c07bd21,,0,33,interpolated_root,25000,0.289615294111211,0.37,primary
0.02456620628063333,ou_poisson,-0.02456620628063333,1115610785,19,500.0,score_root,6dd31ac83001d56849fd7dac0cf07e60461d3162b52507b16c07e8c39c07bd21,,0,33,interpolated_root,50000,0.34543379371936667,0.37,primary
0.009500687917650241,ou_poisson,-0.009500687917650241,1115610785,19,1000.0,score_root,6dd31ac83001d56849fd7dac0cf07e60461d3162b52507b16c07e8c39c07bd21,,0,33,interpolated_root,100000,0.36049931208234975,0.37,primary
0.06999999999999995,ou_poisson,-0.06999999999999995,2609805147,19,250.0,particle,6dd31ac83001d56849fd7dac0cf07e60461d3162b52507b16c07e8c39c07bd21,8192,0,33,interior,25000,0.30000000000000004,0.37,primary
0.020000000000000018,ou_poisson,-0.020000000000000018,2609805147,19,500.0,particle,6dd31ac83001d56849fd7dac0cf07e60461d3162b52507b16c07e8c39c07bd21,8192,0,33,interior,50000,0.35,0.37,primary
0.020000000000000018,ou_poisson,-0.020000000000000018,2609805147,19,1000.0,particle,6dd31ac83001d56849fd7dac0cf07e60461d3162b52507b16c07e8c39c07bd21,8192,0,33,interior,100000,0.35,0.37,primary
0.031082837017928522,ou_poisson,0.031082837017928522,3961897545,19,250.0,score_root,df2552209ec0cafe79f8bb1f22f3986c6ec05c6c22949b3db2b3499db7308346,,0,34,interpolated_root,25000,0.4010828370179285,0.37,primary
0.014163120045850353,ou_poisson,0.014163120045850353,3961897545,19,500.0,score_root,df2552209ec0cafe79f8bb1f22f3986c6ec05c6c22949b3db2b3499db7308346,,0,34,interpolated_root,50000,0.38416312004585035,0.37,primary
0.0035231164326646747,ou_poisson,-0.0035231164326646747,3961897545,19,1000.0,score_root,df2552209ec0cafe79f8bb1f22f3986c6ec05c6c22949b3db2b3499db7308346,,0,34,interpolated_root,100000,0.3664768835673353,0.37,primary
0.030000000000000027,ou_poisson,0.030000000000000027,1597735257,19,250.0,particle,df2552209ec0cafe79f8bb1f22f3986c6ec05c6c22949b3db2b3499db7308346,8192,0,34,interior,25000,0.4,0.37,primary
0.030000000000000027,ou_poisson,0.030000000000000027,1597735257,19,500.0,particle,df2552209ec0cafe79f8bb1f22f3986c6ec05c6c22949b3db2b3499db7308346,8192,0,34,interior,50000,0.4,0.37,primary
0.020000000000000018,ou_poisson,-0.020000000000000018,1597735257,19,1000.0,particle,df2552209ec0cafe79f8bb1f22f3986c6ec05c6c22949b3db2b3499db7308346,8192,0,34,interior,100000,0.35,0.37,primary
0.0806171524137349,ou_poisson,0.0806171524137349,2524279200,19,250.0,score_root,f1f6aa91739d2d454dbb6f3ae4fc219f80fe156668ded5f7812a535359ead608,,0,35,interpolated_root,25000,0.4506171524137349,0.37,primary
0.021285196165763742,ou_poisson,0.021285196165763742,2524279200,19,500.0,score_root,f1f6aa91739d2d454dbb6f3ae4fc219f80fe156668ded5f7812a535359ead608,,0,35,interpolated_root,50000,0.39128519616576374,0.37,primary
0.03320279595852965,ou_poisson,-0.03320279595852965,2524279200,19,1000.0,score_root,f1f6aa91739d2d454dbb6f3ae4fc219f80fe156668ded5f7812a535359ead608,,0,35,interpolated_root,100000,0.33679720404147034,0.37,primary
0.13,ou_poisson,0.13,2364984853,19,250.0,particle,f1f6aa91739d2d454dbb6f3ae4fc219f80fe156668ded5f7812a535359ead608,8192,0,35,interior,25000,0.5,0.37,primary
0.030000000000000027,ou_poisson,0.030000000000000027,2364984853,19,500.0,particle,f1f6aa91739d2d454dbb6f3ae4fc219f80fe156668ded5f7812a535359ead608,8192,0,35,interior,50000,0.4,0.37,primary
0.020000000000000018,ou_poisson,-0.020000000000000018,2364984853,19,1000.0,particle,f1f6aa91739d2d454dbb6f3ae4fc219f80fe156668ded5f7812a535359ead608,8192,0,35,interior,100000,0.35,0.37,primary
0.01403103666592348,ou_poisson,0.01403103666592348,1785237854,19,250.0,score_root,88b7b978b35e12b5ced968a712e0b21ef27166cfe90242409fa908765d5a0c6e,,0,36,interpolated_root,25000,0.3840310366659235,0.37,primary
0.050164073323312686,ou_poisson,0.050164073323312686,1785237854,19,500.0,score_root,88b7b978b35e12b5ced968a712e0b21ef27166cfe90242409fa908765d5a0c6e,,0,36,interpolated_root,50000,0.4201640733233127,0.37,primary
0.045194961691763125,ou_poisson,0.045194961691763125,1785237854,19,1000.0,score_root,88b7b978b35e12b5ced968a712e0b21ef27166cfe90242409fa908765d5a0c6e,,0,36,interpolated_root,100000,0.4151949616917631,0.37,primary
0.020000000000000018,ou_poisson,-0.020000000000000018,1534353527,19,250.0,particle,88b7b978b35e12b5ced968a712e0b21ef27166cfe90242409fa908765d5a0c6e,8192,0,36,interior,25000,0.35,0.37,primary
0.020000000000000018,ou_poisson,-0.020000000000000018,1534353527,19,500.0,particle,88b7b978b35e12b5ced968a712e0b21ef27166cfe90242409fa908765d5a0c6e,8192,0,36,interior,50000,0.35,0.37,primary
0.030000000000000027,ou_poisson,0.030000000000000027,1534353527,19,1000.0,particle,88b7b978b35e12b5ced968a712e0b21ef27166cfe90242409fa908765d5a0c6e,8192,0,36,interior,100000,0.4,0.37,primary
0.0023268921384062558,ou_poisson,-0.0023268921384062558,3786509008,19,250.0,score_root,404bff3468035ce71f8a525fca76fe551cb8f8f9beff165cedfa23f9a90def12,,0,37,interpolated_root,25000,0.36767310786159374,0.37,primary
0.034085237324709194,ou_poisson,-0.034085237324709194,3786509008,19,500.0,score_root,404bff3468035ce71f8a525fca76fe551cb8f8f9beff165cedfa23f9a90def12,,0,37,interpolated_root,50000,0.3359147626752908,0.37,primary
0.0070610431163115606,ou_poisson,-0.0070610431163115606,3786509008,19,1000.0,score_root,404bff3468035ce71f8a525fca76fe551cb8f8f9beff165cedfa23f9a90def12,,0,37,interpolated_root,100000,0.36293895688368843,0.37,primary
0.020000000000000018,ou_poisson,-0.020000000000000018,117470747,19,250.0,particle,404bff3468035ce71f8a525fca76fe551cb8f8f9beff165cedfa23f9a90def12,8192,0,37,interior,25000,0.35,0.37,primary
0.020000000000000018,ou_poisson,-0.020000000000000018,117470747,19,500.0,particle,404bff3468035ce71f8a525fca76fe551cb8f8f9beff165cedfa23f9a90def12,8192,0,37,interior,50000,0.35,0.37,primary
0.020000000000000018,ou_poisson,-0.020000000000000018,117470747,19,1000.0,particle,404bff3468035ce71f8a525fca76fe551cb8f8f9beff165cedfa23f9a90def12,8192,0,37,interior,100000,0.35,0.37,primary
0.03925346767724691,ou_poisson,-0.03925346767724691,122220147,19,250.0,score_root,8899b7e414198bc47a8563472922d0b7a139c25c4d6194a40f133a0a3924b88e,,0,38,interpolated_root,25000,0.3307465323227531,0.37,primary
0.030251444005791384,ou_poisson,-0.030251444005791384,122220147,19,500.0,score_root,8899b7e414198bc47a8563472922d0b7a139c25c4d6194a40f133a0a3924b88e,,0,38,interpolated_root,50000,0.3397485559942086,0.37,primary
0.0034405756801207388,ou_poisson,-0.0034405756801207388,122220147,19,1000.0,score_root,8899b7e414198bc47a8563472922d0b7a139c25c4d6194a40f133a0a3924b88e,,0,38,interpolated_root,100000,0.36655942431987926,0.37,primary
0.030000000000000027,ou_poisson,0.030000000000000027,1988521130,19,250.0,particle,8899b7e414198bc47a8563472922d0b7a139c25c4d6194a40f133a0a3924b88e,8192,0,38,interior,25000,0.4,0.37,primary
0.030000000000000027,ou_poisson,0.030000000000000027,1988521130,19,500.0,particle,8899b7e414198bc47a8563472922d0b7a139c25c4d6194a40f133a0a3924b88e,8192,0,38,interior,50000,0.4,0.37,primary
0.030000000000000027,ou_poisson,0.030000000000000027,1988521130,19,1000.0,particle,8899b7e414198bc47a8563472922d0b7a139c25c4d6194a40f133a0a3924b88e,8192,0,38,interior,100000,0.4,0.37,primary
0.008011124882887521,ou_poisson,-0.008011124882887521,1731728892,19,250.0,score_root,cf802a879f5309f0b67aa5ffc568fb311b4df3d8c47c47425f188ef97d7c52be,,0,39,interpolated_root,25000,0.3619888751171125,0.37,primary
0.008901995699004073,ou_poisson,-0.008901995699004073,1731728892,19,500.0,score_root,cf802a879f5309f0b67aa5ffc568fb311b4df3d8c47c47425f188ef97d7c52be,,0,39,interpolated_root,50000,0.3610980043009959,0.37,primary
0.016716410683056904,ou_poisson,0.016716410683056904,1731728892,19,1000.0,score_root,cf802a879f5309f0b67aa5ffc568fb311b4df3d8c47c47425f188ef97d7c52be,,0,39,interpolated_root,100000,0.3867164106830569,0.37,primary
0.030000000000000027,ou_poisson,0.030000000000000027,587530878,19,250.0,particle,cf802a879f5309f0b67aa5ffc568fb311b4df3d8c47c47425f188ef97d7c52be,8192,0,39,interior,25000,0.4,0.37,primary
0.030000000000000027,ou_poisson,0.030000000000000027,587530878,19,500.0,particle,cf802a879f5309f0b67aa5ffc568fb311b4df3d8c47c47425f188ef97d7c52be,8192,0,39,interior,50000,0.4,0.37,primary
0.030000000000000027,ou_poisson,0.030000000000000027,587530878,19,1000.0,particle,cf802a879f5309f0b67aa5ffc568fb311b4df3d8c47c47425f188ef97d7c52be,8192,0,39,interior,100000,0.4,0.37,primary
